ISO-10303-21;
HEADER;
/* Generated by software containing ST-Developer
 * from STEP Tools, Inc. (www.steptools.com) 
 */
/* OPTION: strings as raw bytes, not using required /X/ escapes */

FILE_DESCRIPTION(
/* description */ ('Unknown'),
/* implementation_level */ '2;1');

FILE_NAME(
/* name */ 'XAL4040-153MEC',
/* time_stamp */ '2025-09-25T13:38:43+02:00',
/* author */ ('Unknown'),
/* organization */ ('Unknown'),
/* preprocessor_version */ 'ST-DEVELOPER v20',
/* originating_system */ 'Solid Edge',
/* authorisation */ 'Unknown');

FILE_SCHEMA (('AUTOMOTIVE_DESIGN {1 0 10303 214 3 1 1}'));
ENDSEC;

DATA;
#10=PROPERTY_DEFINITION_REPRESENTATION(#14,#12);
#11=PROPERTY_DEFINITION_REPRESENTATION(#15,#13);
#12=REPRESENTATION('',(#16),#2912);
#13=REPRESENTATION('',(#17),#2912);
#14=PROPERTY_DEFINITION('pmi validation property','',#2917);
#15=PROPERTY_DEFINITION('pmi validation property','',#2917);
#16=VALUE_REPRESENTATION_ITEM('number of annotations',COUNT_MEASURE(0.));
#17=VALUE_REPRESENTATION_ITEM('number of views',COUNT_MEASURE(0.));
#18=SHAPE_REPRESENTATION_RELATIONSHIP('','',#1724,#19);
#19=ADVANCED_BREP_SHAPE_REPRESENTATION('',(#1722),#2912);
#20=TOROIDAL_SURFACE('',#1800,0.13,0.02);
#21=TOROIDAL_SURFACE('',#1802,0.13,0.02);
#22=TOROIDAL_SURFACE('',#1808,0.13,0.02);
#23=TOROIDAL_SURFACE('',#1810,0.13,0.02);
#24=B_SPLINE_SURFACE_WITH_KNOTS('',3,1,((#2515,#2516),(#2517,#2518),(#2519,
#2520),(#2521,#2522),(#2523,#2524),(#2525,#2526),(#2527,#2528),(#2529,#2530),
(#2531,#2532),(#2533,#2534),(#2535,#2536),(#2537,#2538),(#2539,#2540)),
 .SURF_OF_LINEAR_EXTRUSION.,.F.,.F.,.F.,(4,1,1,1,1,1,1,1,1,1,4),(2,2),(0.,
0.0625,0.125,0.1875,0.25,0.375,0.5,0.625,0.75,0.875,1.),(0.,1.),
 .UNSPECIFIED.);
#25=B_SPLINE_SURFACE_WITH_KNOTS('',3,1,((#2544,#2545),(#2546,#2547),(#2548,
#2549),(#2550,#2551),(#2552,#2553),(#2554,#2555),(#2556,#2557),(#2558,#2559),
(#2560,#2561),(#2562,#2563),(#2564,#2565),(#2566,#2567),(#2568,#2569),(#2570,
#2571),(#2572,#2573),(#2574,#2575)),.SURF_OF_LINEAR_EXTRUSION.,.F.,.F.,
 .F.,(4,1,1,1,1,1,1,1,1,1,1,1,1,4),(2,2),(0.,0.0625,0.125,0.1875,0.25,0.375,
0.5,0.625,0.6875,0.75,0.8125,0.875,0.9375,1.),(0.,1.),.UNSPECIFIED.);
#26=B_SPLINE_SURFACE_WITH_KNOTS('',3,1,((#2679,#2680),(#2681,#2682),(#2683,
#2684),(#2685,#2686),(#2687,#2688)),.SURF_OF_LINEAR_EXTRUSION.,.F.,.F.,
 .F.,(4,1,4),(2,2),(0.,0.5,1.),(0.,1.),.UNSPECIFIED.);
#27=B_SPLINE_SURFACE_WITH_KNOTS('',3,1,((#2690,#2691),(#2692,#2693),(#2694,
#2695),(#2696,#2697),(#2698,#2699),(#2700,#2701)),
 .SURF_OF_LINEAR_EXTRUSION.,.F.,.F.,.F.,(4,1,1,4),(2,2),(0.,0.5,0.75,1.),
(0.,1.),.UNSPECIFIED.);
#28=B_SPLINE_SURFACE_WITH_KNOTS('',3,1,((#2705,#2706),(#2707,#2708),(#2709,
#2710),(#2711,#2712),(#2713,#2714),(#2715,#2716),(#2717,#2718),(#2719,#2720)),
 .SURF_OF_LINEAR_EXTRUSION.,.F.,.F.,.F.,(4,1,1,1,1,4),(2,2),(0.,0.25,0.5,
0.75,0.875,1.),(0.,1.),.UNSPECIFIED.);
#29=B_SPLINE_SURFACE_WITH_KNOTS('',3,1,((#2812,#2813),(#2814,#2815),(#2816,
#2817),(#2818,#2819),(#2820,#2821)),.SURF_OF_LINEAR_EXTRUSION.,.F.,.F.,
 .F.,(4,1,4),(2,2),(0.,0.5,1.),(0.,1.),.UNSPECIFIED.);
#30=B_SPLINE_SURFACE_WITH_KNOTS('',3,1,((#2824,#2825),(#2826,#2827),(#2828,
#2829),(#2830,#2831),(#2832,#2833)),.SURF_OF_LINEAR_EXTRUSION.,.F.,.F.,
 .F.,(4,1,4),(2,2),(0.,0.5,1.),(0.,1.),.UNSPECIFIED.);
#31=B_SPLINE_SURFACE_WITH_KNOTS('',3,1,((#2837,#2838),(#2839,#2840),(#2841,
#2842),(#2843,#2844),(#2845,#2846),(#2847,#2848),(#2849,#2850)),
 .SURF_OF_LINEAR_EXTRUSION.,.F.,.F.,.F.,(4,1,1,1,4),(2,2),(0.,0.25,0.5,
0.75,1.),(0.,1.),.UNSPECIFIED.);
#32=B_SPLINE_SURFACE_WITH_KNOTS('',3,1,((#2854,#2855),(#2856,#2857),(#2858,
#2859),(#2860,#2861),(#2862,#2863),(#2864,#2865),(#2866,#2867),(#2868,#2869),
(#2870,#2871),(#2872,#2873)),.SURF_OF_LINEAR_EXTRUSION.,.F.,.F.,.F.,(4,
1,1,1,1,1,1,4),(2,2),(0.,0.25,0.375,0.5,0.625,0.75,0.875,1.),(0.,1.),
 .UNSPECIFIED.);
#33=B_SPLINE_SURFACE_WITH_KNOTS('',3,1,((#2877,#2878),(#2879,#2880),(#2881,
#2882),(#2883,#2884),(#2885,#2886),(#2887,#2888),(#2889,#2890),(#2891,#2892),
(#2893,#2894)),.SURF_OF_LINEAR_EXTRUSION.,.F.,.F.,.F.,(4,1,1,1,1,1,4),(2,
2),(0.,0.25,0.5,0.625,0.75,0.875,1.),(0.,1.),.UNSPECIFIED.);
#34=DRAUGHTING_PRE_DEFINED_COLOUR('white');
#35=CYLINDRICAL_SURFACE('',#1758,0.12);
#36=CYLINDRICAL_SURFACE('',#1759,0.12);
#37=CYLINDRICAL_SURFACE('',#1760,0.12);
#38=CYLINDRICAL_SURFACE('',#1761,0.12);
#39=CYLINDRICAL_SURFACE('',#1762,0.15);
#40=CYLINDRICAL_SURFACE('',#1764,0.15);
#41=CYLINDRICAL_SURFACE('',#1766,0.15);
#42=CYLINDRICAL_SURFACE('',#1768,0.15);
#43=CYLINDRICAL_SURFACE('',#1797,0.02);
#44=CYLINDRICAL_SURFACE('',#1804,0.02);
#45=CYLINDRICAL_SURFACE('',#1806,0.02);
#46=CYLINDRICAL_SURFACE('',#1812,0.02);
#47=B_SPLINE_CURVE_WITH_KNOTS('',3,(#2139,#2140,#2141,#2142,#2143,#2144,
#2145,#2146,#2147,#2148,#2149,#2150,#2151,#2152,#2153,#2154,#2155,#2156,
#2157,#2158,#2159,#2160,#2161,#2162,#2163,#2164,#2165,#2166),
 .UNSPECIFIED.,.F.,.F.,(4,2,2,2,2,2,2,2,2,2,2,2,2,4),(0.,0.111541740247388,
0.190280139371679,0.279379986749098,0.386020909748484,0.503443909128801,
0.609545860093066,0.73533481233331,0.777843302680515,0.82035179302772,0.864549234791415,
0.915012023125759,0.95973587480201,1.),.UNSPECIFIED.);
#48=B_SPLINE_CURVE_WITH_KNOTS('',3,(#2171,#2172,#2173,#2174,#2175,#2176,
#2177,#2178,#2179,#2180,#2181,#2182,#2183,#2184,#2185,#2186),
 .UNSPECIFIED.,.F.,.F.,(4,1,1,1,1,1,1,1,1,1,1,1,1,4),(0.,0.0380665913643856,
0.0803495064315743,0.128058138698764,0.169843374232797,0.25022030151519,
0.369143949291913,0.469455072170162,0.58046936373148,0.681290042650421,
0.765527002079374,0.839968019968418,0.972147232608912,1.),.UNSPECIFIED.);
#49=B_SPLINE_CURVE_WITH_KNOTS('',3,(#2208,#2209,#2210,#2211,#2212,#2213,
#2214,#2215,#2216,#2217),.UNSPECIFIED.,.F.,.F.,(4,3,3,4),(0.,0.190937479524273,
0.594048388378733,1.),.UNSPECIFIED.);
#50=B_SPLINE_CURVE_WITH_KNOTS('',3,(#2219,#2220,#2221,#2222,#2223,#2224,
#2225,#2226,#2227,#2228),.UNSPECIFIED.,.F.,.F.,(4,3,3,4),(0.,0.555897082288743,
0.740304736246481,1.),.UNSPECIFIED.);
#51=B_SPLINE_CURVE_WITH_KNOTS('',3,(#2232,#2233,#2234,#2235,#2236,#2237,
#2238,#2239,#2240,#2241,#2242,#2243,#2244,#2245,#2246,#2247,#2248,#2249),
 .UNSPECIFIED.,.F.,.F.,(4,3,3,2,3,3,4),(0.,0.16127773027008,0.338842612161757,
0.517075458362527,0.653371164280762,0.855698000479903,1.),.UNSPECIFIED.);
#52=B_SPLINE_CURVE_WITH_KNOTS('',3,(#2256,#2257,#2258,#2259,#2260,#2261,
#2262,#2263,#2264,#2265,#2266,#2267,#2268,#2269,#2270),.UNSPECIFIED.,.F.,
 .F.,(4,3,3,2,3,4),(0.,0.186459687891532,0.54088133726175,0.650645548652991,
0.813884632260479,1.),.UNSPECIFIED.);
#53=B_SPLINE_CURVE_WITH_KNOTS('',3,(#2273,#2274,#2275,#2276,#2277,#2278,
#2279),.UNSPECIFIED.,.F.,.F.,(4,3,4),(0.,0.498340573800532,1.),
 .UNSPECIFIED.);
#54=B_SPLINE_CURVE_WITH_KNOTS('',3,(#2281,#2282,#2283,#2284,#2285,#2286,
#2287,#2288,#2289,#2290),.UNSPECIFIED.,.F.,.F.,(4,3,3,4),(0.,0.370972324878575,
0.740042616433873,1.),.UNSPECIFIED.);
#55=B_SPLINE_CURVE_WITH_KNOTS('',3,(#2294,#2295,#2296,#2297,#2298,#2299,
#2300,#2301,#2302,#2303,#2304,#2305,#2306,#2307,#2308,#2309,#2310,#2311),
 .UNSPECIFIED.,.F.,.F.,(4,3,3,2,3,3,4),(0.,0.167351054392847,0.349722857603262,
0.531020495066524,0.712318132529785,0.889041087946815,1.),.UNSPECIFIED.);
#56=B_SPLINE_CURVE_WITH_KNOTS('',3,(#2315,#2316,#2317,#2318,#2319,#2320,
#2321,#2322,#2323,#2324,#2325,#2326,#2327,#2328,#2329,#2330,#2331,#2332,
#2333,#2334,#2335),.UNSPECIFIED.,.F.,.F.,(4,3,3,3,2,3,3,4),(0.,0.128265404273076,
0.330643948848571,0.401384120189349,0.510660473650055,0.649077188033617,
0.812433368877747,1.),.UNSPECIFIED.);
#57=B_SPLINE_CURVE_WITH_KNOTS('',3,(#2465,#2466,#2467,#2468,#2469,#2470,
#2471,#2472,#2473,#2474,#2475,#2476,#2477,#2478,#2479,#2480,#2481,#2482,
#2483,#2484,#2485,#2486,#2487,#2488,#2489,#2490,#2491,#2492),
 .UNSPECIFIED.,.F.,.F.,(4,2,2,2,2,2,2,2,2,2,2,2,2,4),(0.,0.111541740247388,
0.190280139371679,0.279379986749098,0.386020909748484,0.503443909128801,
0.609545860093066,0.73533481233331,0.777843302680515,0.82035179302772,0.864549234791415,
0.915012023125759,0.95973587480201,1.),.UNSPECIFIED.);
#58=B_SPLINE_CURVE_WITH_KNOTS('',3,(#2496,#2497,#2498,#2499,#2500,#2501,
#2502,#2503,#2504,#2505,#2506,#2507,#2508,#2509,#2510,#2511),
 .UNSPECIFIED.,.F.,.F.,(4,1,1,1,1,1,1,1,1,1,1,1,1,4),(0.,0.0380665913643856,
0.0803495064315743,0.128058138698764,0.169843374232797,0.25022030151519,
0.369143949291913,0.469455072170162,0.58046936373148,0.681290042650421,
0.765527002079374,0.839968019968418,0.972147232608912,1.),.UNSPECIFIED.);
#59=B_SPLINE_CURVE_WITH_KNOTS('',3,(#2634,#2635,#2636,#2637,#2638,#2639,
#2640,#2641,#2642,#2643,#2644,#2645,#2646,#2647,#2648,#2649,#2650,#2651),
 .UNSPECIFIED.,.F.,.F.,(4,3,3,2,3,3,4),(0.,0.16127773027008,0.338842612161757,
0.517075458362527,0.653371164280762,0.855698000479903,1.),.UNSPECIFIED.);
#60=B_SPLINE_CURVE_WITH_KNOTS('',3,(#2655,#2656,#2657,#2658,#2659,#2660,
#2661,#2662,#2663,#2664),.UNSPECIFIED.,.F.,.F.,(4,3,3,4),(0.,0.555897082288743,
0.740304736246481,1.),.UNSPECIFIED.);
#61=B_SPLINE_CURVE_WITH_KNOTS('',3,(#2666,#2667,#2668,#2669,#2670,#2671,
#2672,#2673,#2674,#2675),.UNSPECIFIED.,.F.,.F.,(4,3,3,4),(0.,0.190937479524273,
0.594048388378733,1.),.UNSPECIFIED.);
#62=B_SPLINE_CURVE_WITH_KNOTS('',3,(#2730,#2731,#2732,#2733,#2734,#2735,
#2736,#2737,#2738,#2739,#2740,#2741,#2742,#2743,#2744),.UNSPECIFIED.,.F.,
 .F.,(4,3,3,2,3,4),(0.,0.186459687891532,0.54088133726175,0.650645548652991,
0.813884632260479,1.),.UNSPECIFIED.);
#63=B_SPLINE_CURVE_WITH_KNOTS('',3,(#2749,#2750,#2751,#2752,#2753,#2754,
#2755,#2756,#2757,#2758,#2759,#2760,#2761,#2762,#2763,#2764,#2765,#2766,
#2767,#2768,#2769),.UNSPECIFIED.,.F.,.F.,(4,3,3,3,2,3,3,4),(0.,0.128265404273076,
0.330643948848571,0.401384120189349,0.510660473650055,0.649077188033617,
0.812433368877747,1.),.UNSPECIFIED.);
#64=B_SPLINE_CURVE_WITH_KNOTS('',3,(#2773,#2774,#2775,#2776,#2777,#2778,
#2779,#2780,#2781,#2782,#2783,#2784,#2785,#2786,#2787,#2788,#2789,#2790),
 .UNSPECIFIED.,.F.,.F.,(4,3,3,2,3,3,4),(0.,0.167351054392847,0.349722857603262,
0.531020495066524,0.712318132529785,0.889041087946815,1.),.UNSPECIFIED.);
#65=B_SPLINE_CURVE_WITH_KNOTS('',3,(#2794,#2795,#2796,#2797,#2798,#2799,
#2800,#2801,#2802,#2803),.UNSPECIFIED.,.F.,.F.,(4,3,3,4),(0.,0.370972324878575,
0.740042616433873,1.),.UNSPECIFIED.);
#66=B_SPLINE_CURVE_WITH_KNOTS('',3,(#2805,#2806,#2807,#2808,#2809,#2810,
#2811),.UNSPECIFIED.,.F.,.F.,(4,3,4),(0.,0.498340573800532,1.),
 .UNSPECIFIED.);
#67=LINE('',#2118,#191);
#68=LINE('',#2122,#192);
#69=LINE('',#2126,#193);
#70=LINE('',#2130,#194);
#71=LINE('',#2131,#195);
#72=LINE('',#2134,#196);
#73=LINE('',#2136,#197);
#74=LINE('',#2138,#198);
#75=LINE('',#2169,#199);
#76=LINE('',#2188,#200);
#77=LINE('',#2189,#201);
#78=LINE('',#2192,#202);
#79=LINE('',#2194,#203);
#80=LINE('',#2196,#204);
#81=LINE('',#2198,#205);
#82=LINE('',#2200,#206);
#83=LINE('',#2202,#207);
#84=LINE('',#2203,#208);
#85=LINE('',#2206,#209);
#86=LINE('',#2230,#210);
#87=LINE('',#2251,#211);
#88=LINE('',#2253,#212);
#89=LINE('',#2255,#213);
#90=LINE('',#2292,#214);
#91=LINE('',#2313,#215);
#92=LINE('',#2337,#216);
#93=LINE('',#2339,#217);
#94=LINE('',#2342,#218);
#95=LINE('',#2344,#219);
#96=LINE('',#2346,#220);
#97=LINE('',#2348,#221);
#98=LINE('',#2351,#222);
#99=LINE('',#2353,#223);
#100=LINE('',#2355,#224);
#101=LINE('',#2357,#225);
#102=LINE('',#2363,#226);
#103=LINE('',#2365,#227);
#104=LINE('',#2367,#228);
#105=LINE('',#2370,#229);
#106=LINE('',#2372,#230);
#107=LINE('',#2374,#231);
#108=LINE('',#2378,#232);
#109=LINE('',#2380,#233);
#110=LINE('',#2382,#234);
#111=LINE('',#2386,#235);
#112=LINE('',#2392,#236);
#113=LINE('',#2394,#237);
#114=LINE('',#2398,#238);
#115=LINE('',#2400,#239);
#116=LINE('',#2402,#240);
#117=LINE('',#2406,#241);
#118=LINE('',#2409,#242);
#119=LINE('',#2411,#243);
#120=LINE('',#2413,#244);
#121=LINE('',#2415,#245);
#122=LINE('',#2418,#246);
#123=LINE('',#2420,#247);
#124=LINE('',#2422,#248);
#125=LINE('',#2424,#249);
#126=LINE('',#2427,#250);
#127=LINE('',#2429,#251);
#128=LINE('',#2431,#252);
#129=LINE('',#2433,#253);
#130=LINE('',#2434,#254);
#131=LINE('',#2435,#255);
#132=LINE('',#2436,#256);
#133=LINE('',#2442,#257);
#134=LINE('',#2444,#258);
#135=LINE('',#2446,#259);
#136=LINE('',#2448,#260);
#137=LINE('',#2462,#261);
#138=LINE('',#2494,#262);
#139=LINE('',#2513,#263);
#140=LINE('',#2514,#264);
#141=LINE('',#2541,#265);
#142=LINE('',#2543,#266);
#143=LINE('',#2577,#267);
#144=LINE('',#2580,#268);
#145=LINE('',#2582,#269);
#146=LINE('',#2584,#270);
#147=LINE('',#2586,#271);
#148=LINE('',#2587,#272);
#149=LINE('',#2589,#273);
#150=LINE('',#2591,#274);
#151=LINE('',#2594,#275);
#152=LINE('',#2597,#276);
#153=LINE('',#2599,#277);
#154=LINE('',#2601,#278);
#155=LINE('',#2603,#279);
#156=LINE('',#2605,#280);
#157=LINE('',#2607,#281);
#158=LINE('',#2609,#282);
#159=LINE('',#2610,#283);
#160=LINE('',#2612,#284);
#161=LINE('',#2614,#285);
#162=LINE('',#2616,#286);
#163=LINE('',#2618,#287);
#164=LINE('',#2620,#288);
#165=LINE('',#2623,#289);
#166=LINE('',#2626,#290);
#167=LINE('',#2628,#291);
#168=LINE('',#2630,#292);
#169=LINE('',#2632,#293);
#170=LINE('',#2653,#294);
#171=LINE('',#2677,#295);
#172=LINE('',#2678,#296);
#173=LINE('',#2689,#297);
#174=LINE('',#2702,#298);
#175=LINE('',#2704,#299);
#176=LINE('',#2721,#300);
#177=LINE('',#2723,#301);
#178=LINE('',#2725,#302);
#179=LINE('',#2727,#303);
#180=LINE('',#2747,#304);
#181=LINE('',#2771,#305);
#182=LINE('',#2792,#306);
#183=LINE('',#2822,#307);
#184=LINE('',#2823,#308);
#185=LINE('',#2834,#309);
#186=LINE('',#2836,#310);
#187=LINE('',#2851,#311);
#188=LINE('',#2853,#312);
#189=LINE('',#2874,#313);
#190=LINE('',#2876,#314);
#191=VECTOR('',#1819,1000.);
#192=VECTOR('',#1822,1000.);
#193=VECTOR('',#1825,1000.);
#194=VECTOR('',#1828,1000.);
#195=VECTOR('',#1829,1000.);
#196=VECTOR('',#1830,1000.);
#197=VECTOR('',#1831,1000.);
#198=VECTOR('',#1832,1000.);
#199=VECTOR('',#1833,1000.);
#200=VECTOR('',#1834,1000.);
#201=VECTOR('',#1835,1000.);
#202=VECTOR('',#1836,1000.);
#203=VECTOR('',#1837,1000.);
#204=VECTOR('',#1838,1000.);
#205=VECTOR('',#1839,1000.);
#206=VECTOR('',#1840,1000.);
#207=VECTOR('',#1841,1000.);
#208=VECTOR('',#1842,1000.);
#209=VECTOR('',#1843,1000.);
#210=VECTOR('',#1844,1000.);
#211=VECTOR('',#1845,1000.);
#212=VECTOR('',#1846,1000.);
#213=VECTOR('',#1847,1000.);
#214=VECTOR('',#1848,1000.);
#215=VECTOR('',#1849,1000.);
#216=VECTOR('',#1850,1000.);
#217=VECTOR('',#1853,1000.);
#218=VECTOR('',#1854,1000.);
#219=VECTOR('',#1855,1000.);
#220=VECTOR('',#1856,1000.);
#221=VECTOR('',#1859,1000.);
#222=VECTOR('',#1860,1000.);
#223=VECTOR('',#1861,1000.);
#224=VECTOR('',#1862,1000.);
#225=VECTOR('',#1865,1000.);
#226=VECTOR('',#1870,1000.);
#227=VECTOR('',#1871,1000.);
#228=VECTOR('',#1874,1000.);
#229=VECTOR('',#1875,1000.);
#230=VECTOR('',#1876,1000.);
#231=VECTOR('',#1877,1000.);
#232=VECTOR('',#1882,1000.);
#233=VECTOR('',#1883,1000.);
#234=VECTOR('',#1884,1000.);
#235=VECTOR('',#1889,1000.);
#236=VECTOR('',#1894,1000.);
#237=VECTOR('',#1895,1000.);
#238=VECTOR('',#1900,1000.);
#239=VECTOR('',#1901,1000.);
#240=VECTOR('',#1902,1000.);
#241=VECTOR('',#1907,1000.);
#242=VECTOR('',#1908,1000.);
#243=VECTOR('',#1909,1000.);
#244=VECTOR('',#1910,1000.);
#245=VECTOR('',#1913,1000.);
#246=VECTOR('',#1914,1000.);
#247=VECTOR('',#1915,1000.);
#248=VECTOR('',#1916,1000.);
#249=VECTOR('',#1919,1000.);
#250=VECTOR('',#1920,1000.);
#251=VECTOR('',#1921,1000.);
#252=VECTOR('',#1922,1000.);
#253=VECTOR('',#1925,1000.);
#254=VECTOR('',#1926,1000.);
#255=VECTOR('',#1927,1000.);
#256=VECTOR('',#1928,1000.);
#257=VECTOR('',#1939,1000.);
#258=VECTOR('',#1942,1000.);
#259=VECTOR('',#1945,1000.);
#260=VECTOR('',#1948,1000.);
#261=VECTOR('',#1975,1000.);
#262=VECTOR('',#1976,1000.);
#263=VECTOR('',#1979,1000.);
#264=VECTOR('',#1980,1000.);
#265=VECTOR('',#1981,1000.);
#266=VECTOR('',#1984,1000.);
#267=VECTOR('',#1987,1000.);
#268=VECTOR('',#1988,1000.);
#269=VECTOR('',#1989,1000.);
#270=VECTOR('',#1990,1000.);
#271=VECTOR('',#1993,1000.);
#272=VECTOR('',#1994,1000.);
#273=VECTOR('',#1997,1000.);
#274=VECTOR('',#2000,1000.);
#275=VECTOR('',#2005,1000.);
#276=VECTOR('',#2006,1000.);
#277=VECTOR('',#2007,1000.);
#278=VECTOR('',#2008,1000.);
#279=VECTOR('',#2009,1000.);
#280=VECTOR('',#2010,1000.);
#281=VECTOR('',#2011,1000.);
#282=VECTOR('',#2014,1000.);
#283=VECTOR('',#2015,1000.);
#284=VECTOR('',#2018,1000.);
#285=VECTOR('',#2021,1000.);
#286=VECTOR('',#2024,1000.);
#287=VECTOR('',#2027,1000.);
#288=VECTOR('',#2030,1000.);
#289=VECTOR('',#2035,1000.);
#290=VECTOR('',#2036,1000.);
#291=VECTOR('',#2037,1000.);
#292=VECTOR('',#2038,1000.);
#293=VECTOR('',#2039,1000.);
#294=VECTOR('',#2040,1000.);
#295=VECTOR('',#2043,1000.);
#296=VECTOR('',#2044,1000.);
#297=VECTOR('',#2045,1000.);
#298=VECTOR('',#2046,1000.);
#299=VECTOR('',#2049,1000.);
#300=VECTOR('',#2050,1000.);
#301=VECTOR('',#2053,1000.);
#302=VECTOR('',#2056,1000.);
#303=VECTOR('',#2059,1000.);
#304=VECTOR('',#2064,1000.);
#305=VECTOR('',#2065,1000.);
#306=VECTOR('',#2066,1000.);
#307=VECTOR('',#2067,1000.);
#308=VECTOR('',#2068,1000.);
#309=VECTOR('',#2069,1000.);
#310=VECTOR('',#2072,1000.);
#311=VECTOR('',#2073,1000.);
#312=VECTOR('',#2076,1000.);
#313=VECTOR('',#2077,1000.);
#314=VECTOR('',#2080,1000.);
#315=ORIENTED_EDGE('',*,*,#659,.T.);
#316=ORIENTED_EDGE('',*,*,#660,.T.);
#317=ORIENTED_EDGE('',*,*,#661,.T.);
#318=ORIENTED_EDGE('',*,*,#662,.T.);
#319=ORIENTED_EDGE('',*,*,#663,.T.);
#320=ORIENTED_EDGE('',*,*,#664,.T.);
#321=ORIENTED_EDGE('',*,*,#665,.T.);
#322=ORIENTED_EDGE('',*,*,#666,.T.);
#323=ORIENTED_EDGE('',*,*,#667,.F.);
#324=ORIENTED_EDGE('',*,*,#668,.F.);
#325=ORIENTED_EDGE('',*,*,#669,.F.);
#326=ORIENTED_EDGE('',*,*,#670,.F.);
#327=ORIENTED_EDGE('',*,*,#671,.T.);
#328=ORIENTED_EDGE('',*,*,#672,.T.);
#329=ORIENTED_EDGE('',*,*,#673,.T.);
#330=ORIENTED_EDGE('',*,*,#674,.T.);
#331=ORIENTED_EDGE('',*,*,#675,.T.);
#332=ORIENTED_EDGE('',*,*,#676,.T.);
#333=ORIENTED_EDGE('',*,*,#677,.T.);
#334=ORIENTED_EDGE('',*,*,#678,.T.);
#335=ORIENTED_EDGE('',*,*,#679,.T.);
#336=ORIENTED_EDGE('',*,*,#680,.T.);
#337=ORIENTED_EDGE('',*,*,#681,.T.);
#338=ORIENTED_EDGE('',*,*,#682,.T.);
#339=ORIENTED_EDGE('',*,*,#683,.T.);
#340=ORIENTED_EDGE('',*,*,#684,.T.);
#341=ORIENTED_EDGE('',*,*,#685,.T.);
#342=ORIENTED_EDGE('',*,*,#686,.T.);
#343=ORIENTED_EDGE('',*,*,#687,.T.);
#344=ORIENTED_EDGE('',*,*,#688,.T.);
#345=ORIENTED_EDGE('',*,*,#689,.T.);
#346=ORIENTED_EDGE('',*,*,#690,.T.);
#347=ORIENTED_EDGE('',*,*,#691,.T.);
#348=ORIENTED_EDGE('',*,*,#692,.T.);
#349=ORIENTED_EDGE('',*,*,#693,.T.);
#350=ORIENTED_EDGE('',*,*,#694,.T.);
#351=ORIENTED_EDGE('',*,*,#695,.T.);
#352=ORIENTED_EDGE('',*,*,#696,.T.);
#353=ORIENTED_EDGE('',*,*,#697,.T.);
#354=ORIENTED_EDGE('',*,*,#698,.T.);
#355=ORIENTED_EDGE('',*,*,#699,.F.);
#356=ORIENTED_EDGE('',*,*,#700,.T.);
#357=ORIENTED_EDGE('',*,*,#701,.T.);
#358=ORIENTED_EDGE('',*,*,#702,.T.);
#359=ORIENTED_EDGE('',*,*,#703,.F.);
#360=ORIENTED_EDGE('',*,*,#704,.T.);
#361=ORIENTED_EDGE('',*,*,#705,.T.);
#362=ORIENTED_EDGE('',*,*,#706,.T.);
#363=ORIENTED_EDGE('',*,*,#707,.F.);
#364=ORIENTED_EDGE('',*,*,#708,.T.);
#365=ORIENTED_EDGE('',*,*,#703,.T.);
#366=ORIENTED_EDGE('',*,*,#709,.T.);
#367=ORIENTED_EDGE('',*,*,#710,.T.);
#368=ORIENTED_EDGE('',*,*,#711,.F.);
#369=ORIENTED_EDGE('',*,*,#712,.T.);
#370=ORIENTED_EDGE('',*,*,#713,.T.);
#371=ORIENTED_EDGE('',*,*,#714,.T.);
#372=ORIENTED_EDGE('',*,*,#715,.T.);
#373=ORIENTED_EDGE('',*,*,#705,.F.);
#374=ORIENTED_EDGE('',*,*,#716,.T.);
#375=ORIENTED_EDGE('',*,*,#717,.F.);
#376=ORIENTED_EDGE('',*,*,#718,.T.);
#377=ORIENTED_EDGE('',*,*,#719,.T.);
#378=ORIENTED_EDGE('',*,*,#720,.T.);
#379=ORIENTED_EDGE('',*,*,#721,.F.);
#380=ORIENTED_EDGE('',*,*,#722,.T.);
#381=ORIENTED_EDGE('',*,*,#699,.T.);
#382=ORIENTED_EDGE('',*,*,#723,.T.);
#383=ORIENTED_EDGE('',*,*,#724,.T.);
#384=ORIENTED_EDGE('',*,*,#725,.F.);
#385=ORIENTED_EDGE('',*,*,#701,.F.);
#386=ORIENTED_EDGE('',*,*,#726,.T.);
#387=ORIENTED_EDGE('',*,*,#727,.T.);
#388=ORIENTED_EDGE('',*,*,#728,.T.);
#389=ORIENTED_EDGE('',*,*,#729,.F.);
#390=ORIENTED_EDGE('',*,*,#730,.T.);
#391=ORIENTED_EDGE('',*,*,#731,.T.);
#392=ORIENTED_EDGE('',*,*,#732,.T.);
#393=ORIENTED_EDGE('',*,*,#733,.T.);
#394=ORIENTED_EDGE('',*,*,#734,.T.);
#395=ORIENTED_EDGE('',*,*,#735,.T.);
#396=ORIENTED_EDGE('',*,*,#736,.T.);
#397=ORIENTED_EDGE('',*,*,#737,.T.);
#398=ORIENTED_EDGE('',*,*,#738,.F.);
#399=ORIENTED_EDGE('',*,*,#739,.T.);
#400=ORIENTED_EDGE('',*,*,#740,.T.);
#401=ORIENTED_EDGE('',*,*,#741,.T.);
#402=ORIENTED_EDGE('',*,*,#742,.F.);
#403=ORIENTED_EDGE('',*,*,#743,.T.);
#404=ORIENTED_EDGE('',*,*,#711,.T.);
#405=ORIENTED_EDGE('',*,*,#744,.F.);
#406=ORIENTED_EDGE('',*,*,#718,.F.);
#407=ORIENTED_EDGE('',*,*,#745,.T.);
#408=ORIENTED_EDGE('',*,*,#725,.T.);
#409=ORIENTED_EDGE('',*,*,#746,.F.);
#410=ORIENTED_EDGE('',*,*,#728,.F.);
#411=ORIENTED_EDGE('',*,*,#734,.F.);
#412=ORIENTED_EDGE('',*,*,#747,.T.);
#413=ORIENTED_EDGE('',*,*,#715,.F.);
#414=ORIENTED_EDGE('',*,*,#748,.T.);
#415=ORIENTED_EDGE('',*,*,#742,.T.);
#416=ORIENTED_EDGE('',*,*,#749,.T.);
#417=ORIENTED_EDGE('',*,*,#738,.T.);
#418=ORIENTED_EDGE('',*,*,#750,.T.);
#419=ORIENTED_EDGE('',*,*,#724,.F.);
#420=ORIENTED_EDGE('',*,*,#751,.T.);
#421=ORIENTED_EDGE('',*,*,#729,.T.);
#422=ORIENTED_EDGE('',*,*,#746,.T.);
#423=ORIENTED_EDGE('',*,*,#727,.F.);
#424=ORIENTED_EDGE('',*,*,#752,.T.);
#425=ORIENTED_EDGE('',*,*,#721,.T.);
#426=ORIENTED_EDGE('',*,*,#745,.F.);
#427=ORIENTED_EDGE('',*,*,#710,.F.);
#428=ORIENTED_EDGE('',*,*,#753,.T.);
#429=ORIENTED_EDGE('',*,*,#719,.F.);
#430=ORIENTED_EDGE('',*,*,#744,.T.);
#431=ORIENTED_EDGE('',*,*,#717,.T.);
#432=ORIENTED_EDGE('',*,*,#754,.T.);
#433=ORIENTED_EDGE('',*,*,#707,.T.);
#434=ORIENTED_EDGE('',*,*,#743,.F.);
#435=ORIENTED_EDGE('',*,*,#726,.F.);
#436=ORIENTED_EDGE('',*,*,#700,.F.);
#437=ORIENTED_EDGE('',*,*,#722,.F.);
#438=ORIENTED_EDGE('',*,*,#752,.F.);
#439=ORIENTED_EDGE('',*,*,#716,.F.);
#440=ORIENTED_EDGE('',*,*,#704,.F.);
#441=ORIENTED_EDGE('',*,*,#708,.F.);
#442=ORIENTED_EDGE('',*,*,#754,.F.);
#443=ORIENTED_EDGE('',*,*,#720,.F.);
#444=ORIENTED_EDGE('',*,*,#753,.F.);
#445=ORIENTED_EDGE('',*,*,#709,.F.);
#446=ORIENTED_EDGE('',*,*,#706,.F.);
#447=ORIENTED_EDGE('',*,*,#730,.F.);
#448=ORIENTED_EDGE('',*,*,#751,.F.);
#449=ORIENTED_EDGE('',*,*,#723,.F.);
#450=ORIENTED_EDGE('',*,*,#702,.F.);
#451=ORIENTED_EDGE('',*,*,#733,.F.);
#452=ORIENTED_EDGE('',*,*,#755,.T.);
#453=ORIENTED_EDGE('',*,*,#712,.F.);
#454=ORIENTED_EDGE('',*,*,#747,.F.);
#455=ORIENTED_EDGE('',*,*,#714,.F.);
#456=ORIENTED_EDGE('',*,*,#756,.T.);
#457=ORIENTED_EDGE('',*,*,#739,.F.);
#458=ORIENTED_EDGE('',*,*,#748,.F.);
#459=ORIENTED_EDGE('',*,*,#737,.F.);
#460=ORIENTED_EDGE('',*,*,#757,.T.);
#461=ORIENTED_EDGE('',*,*,#731,.F.);
#462=ORIENTED_EDGE('',*,*,#750,.F.);
#463=ORIENTED_EDGE('',*,*,#741,.F.);
#464=ORIENTED_EDGE('',*,*,#758,.T.);
#465=ORIENTED_EDGE('',*,*,#735,.F.);
#466=ORIENTED_EDGE('',*,*,#749,.F.);
#467=ORIENTED_EDGE('',*,*,#759,.F.);
#468=ORIENTED_EDGE('',*,*,#760,.F.);
#469=ORIENTED_EDGE('',*,*,#761,.F.);
#470=ORIENTED_EDGE('',*,*,#762,.F.);
#471=ORIENTED_EDGE('',*,*,#672,.F.);
#472=ORIENTED_EDGE('',*,*,#763,.F.);
#473=ORIENTED_EDGE('',*,*,#759,.T.);
#474=ORIENTED_EDGE('',*,*,#764,.T.);
#475=ORIENTED_EDGE('',*,*,#673,.F.);
#476=ORIENTED_EDGE('',*,*,#764,.F.);
#477=ORIENTED_EDGE('',*,*,#762,.T.);
#478=ORIENTED_EDGE('',*,*,#765,.T.);
#479=ORIENTED_EDGE('',*,*,#674,.F.);
#480=ORIENTED_EDGE('',*,*,#765,.F.);
#481=ORIENTED_EDGE('',*,*,#761,.T.);
#482=ORIENTED_EDGE('',*,*,#766,.T.);
#483=ORIENTED_EDGE('',*,*,#671,.F.);
#484=ORIENTED_EDGE('',*,*,#766,.F.);
#485=ORIENTED_EDGE('',*,*,#760,.T.);
#486=ORIENTED_EDGE('',*,*,#763,.T.);
#487=ORIENTED_EDGE('',*,*,#767,.T.);
#488=ORIENTED_EDGE('',*,*,#768,.T.);
#489=ORIENTED_EDGE('',*,*,#769,.T.);
#490=ORIENTED_EDGE('',*,*,#770,.T.);
#491=ORIENTED_EDGE('',*,*,#667,.T.);
#492=ORIENTED_EDGE('',*,*,#771,.F.);
#493=ORIENTED_EDGE('',*,*,#768,.F.);
#494=ORIENTED_EDGE('',*,*,#772,.T.);
#495=ORIENTED_EDGE('',*,*,#670,.T.);
#496=ORIENTED_EDGE('',*,*,#773,.F.);
#497=ORIENTED_EDGE('',*,*,#769,.F.);
#498=ORIENTED_EDGE('',*,*,#771,.T.);
#499=ORIENTED_EDGE('',*,*,#669,.T.);
#500=ORIENTED_EDGE('',*,*,#774,.F.);
#501=ORIENTED_EDGE('',*,*,#770,.F.);
#502=ORIENTED_EDGE('',*,*,#773,.T.);
#503=ORIENTED_EDGE('',*,*,#668,.T.);
#504=ORIENTED_EDGE('',*,*,#772,.F.);
#505=ORIENTED_EDGE('',*,*,#767,.F.);
#506=ORIENTED_EDGE('',*,*,#774,.T.);
#507=ORIENTED_EDGE('',*,*,#775,.F.);
#508=ORIENTED_EDGE('',*,*,#776,.F.);
#509=ORIENTED_EDGE('',*,*,#777,.F.);
#510=ORIENTED_EDGE('',*,*,#778,.F.);
#511=ORIENTED_EDGE('',*,*,#779,.F.);
#512=ORIENTED_EDGE('',*,*,#780,.F.);
#513=ORIENTED_EDGE('',*,*,#781,.F.);
#514=ORIENTED_EDGE('',*,*,#676,.F.);
#515=ORIENTED_EDGE('',*,*,#782,.F.);
#516=ORIENTED_EDGE('',*,*,#775,.T.);
#517=ORIENTED_EDGE('',*,*,#783,.T.);
#518=ORIENTED_EDGE('',*,*,#677,.F.);
#519=ORIENTED_EDGE('',*,*,#783,.F.);
#520=ORIENTED_EDGE('',*,*,#781,.T.);
#521=ORIENTED_EDGE('',*,*,#784,.T.);
#522=ORIENTED_EDGE('',*,*,#678,.F.);
#523=ORIENTED_EDGE('',*,*,#784,.F.);
#524=ORIENTED_EDGE('',*,*,#780,.T.);
#525=ORIENTED_EDGE('',*,*,#785,.T.);
#526=ORIENTED_EDGE('',*,*,#679,.F.);
#527=ORIENTED_EDGE('',*,*,#785,.F.);
#528=ORIENTED_EDGE('',*,*,#779,.T.);
#529=ORIENTED_EDGE('',*,*,#786,.T.);
#530=ORIENTED_EDGE('',*,*,#680,.F.);
#531=ORIENTED_EDGE('',*,*,#786,.F.);
#532=ORIENTED_EDGE('',*,*,#778,.T.);
#533=ORIENTED_EDGE('',*,*,#787,.T.);
#534=ORIENTED_EDGE('',*,*,#681,.F.);
#535=ORIENTED_EDGE('',*,*,#787,.F.);
#536=ORIENTED_EDGE('',*,*,#777,.T.);
#537=ORIENTED_EDGE('',*,*,#788,.T.);
#538=ORIENTED_EDGE('',*,*,#675,.F.);
#539=ORIENTED_EDGE('',*,*,#788,.F.);
#540=ORIENTED_EDGE('',*,*,#776,.T.);
#541=ORIENTED_EDGE('',*,*,#782,.T.);
#542=ORIENTED_EDGE('',*,*,#789,.F.);
#543=ORIENTED_EDGE('',*,*,#790,.F.);
#544=ORIENTED_EDGE('',*,*,#791,.F.);
#545=ORIENTED_EDGE('',*,*,#792,.F.);
#546=ORIENTED_EDGE('',*,*,#793,.F.);
#547=ORIENTED_EDGE('',*,*,#794,.F.);
#548=ORIENTED_EDGE('',*,*,#795,.F.);
#549=ORIENTED_EDGE('',*,*,#796,.F.);
#550=ORIENTED_EDGE('',*,*,#797,.F.);
#551=ORIENTED_EDGE('',*,*,#683,.F.);
#552=ORIENTED_EDGE('',*,*,#798,.F.);
#553=ORIENTED_EDGE('',*,*,#789,.T.);
#554=ORIENTED_EDGE('',*,*,#799,.T.);
#555=ORIENTED_EDGE('',*,*,#684,.F.);
#556=ORIENTED_EDGE('',*,*,#799,.F.);
#557=ORIENTED_EDGE('',*,*,#797,.T.);
#558=ORIENTED_EDGE('',*,*,#800,.T.);
#559=ORIENTED_EDGE('',*,*,#685,.F.);
#560=ORIENTED_EDGE('',*,*,#800,.F.);
#561=ORIENTED_EDGE('',*,*,#796,.T.);
#562=ORIENTED_EDGE('',*,*,#801,.T.);
#563=ORIENTED_EDGE('',*,*,#686,.F.);
#564=ORIENTED_EDGE('',*,*,#801,.F.);
#565=ORIENTED_EDGE('',*,*,#795,.T.);
#566=ORIENTED_EDGE('',*,*,#802,.T.);
#567=ORIENTED_EDGE('',*,*,#687,.F.);
#568=ORIENTED_EDGE('',*,*,#802,.F.);
#569=ORIENTED_EDGE('',*,*,#794,.T.);
#570=ORIENTED_EDGE('',*,*,#803,.T.);
#571=ORIENTED_EDGE('',*,*,#688,.F.);
#572=ORIENTED_EDGE('',*,*,#803,.F.);
#573=ORIENTED_EDGE('',*,*,#793,.T.);
#574=ORIENTED_EDGE('',*,*,#804,.T.);
#575=ORIENTED_EDGE('',*,*,#689,.F.);
#576=ORIENTED_EDGE('',*,*,#804,.F.);
#577=ORIENTED_EDGE('',*,*,#792,.T.);
#578=ORIENTED_EDGE('',*,*,#805,.T.);
#579=ORIENTED_EDGE('',*,*,#690,.F.);
#580=ORIENTED_EDGE('',*,*,#805,.F.);
#581=ORIENTED_EDGE('',*,*,#791,.T.);
#582=ORIENTED_EDGE('',*,*,#806,.T.);
#583=ORIENTED_EDGE('',*,*,#682,.F.);
#584=ORIENTED_EDGE('',*,*,#806,.F.);
#585=ORIENTED_EDGE('',*,*,#790,.T.);
#586=ORIENTED_EDGE('',*,*,#798,.T.);
#587=ORIENTED_EDGE('',*,*,#807,.F.);
#588=ORIENTED_EDGE('',*,*,#808,.F.);
#589=ORIENTED_EDGE('',*,*,#809,.F.);
#590=ORIENTED_EDGE('',*,*,#810,.F.);
#591=ORIENTED_EDGE('',*,*,#811,.F.);
#592=ORIENTED_EDGE('',*,*,#812,.F.);
#593=ORIENTED_EDGE('',*,*,#813,.F.);
#594=ORIENTED_EDGE('',*,*,#814,.F.);
#595=ORIENTED_EDGE('',*,*,#692,.F.);
#596=ORIENTED_EDGE('',*,*,#815,.F.);
#597=ORIENTED_EDGE('',*,*,#814,.T.);
#598=ORIENTED_EDGE('',*,*,#816,.T.);
#599=ORIENTED_EDGE('',*,*,#693,.F.);
#600=ORIENTED_EDGE('',*,*,#816,.F.);
#601=ORIENTED_EDGE('',*,*,#813,.T.);
#602=ORIENTED_EDGE('',*,*,#817,.T.);
#603=ORIENTED_EDGE('',*,*,#694,.F.);
#604=ORIENTED_EDGE('',*,*,#817,.F.);
#605=ORIENTED_EDGE('',*,*,#812,.T.);
#606=ORIENTED_EDGE('',*,*,#818,.T.);
#607=ORIENTED_EDGE('',*,*,#695,.F.);
#608=ORIENTED_EDGE('',*,*,#818,.F.);
#609=ORIENTED_EDGE('',*,*,#811,.T.);
#610=ORIENTED_EDGE('',*,*,#819,.T.);
#611=ORIENTED_EDGE('',*,*,#696,.F.);
#612=ORIENTED_EDGE('',*,*,#819,.F.);
#613=ORIENTED_EDGE('',*,*,#810,.T.);
#614=ORIENTED_EDGE('',*,*,#820,.T.);
#615=ORIENTED_EDGE('',*,*,#697,.F.);
#616=ORIENTED_EDGE('',*,*,#820,.F.);
#617=ORIENTED_EDGE('',*,*,#809,.T.);
#618=ORIENTED_EDGE('',*,*,#821,.T.);
#619=ORIENTED_EDGE('',*,*,#698,.F.);
#620=ORIENTED_EDGE('',*,*,#821,.F.);
#621=ORIENTED_EDGE('',*,*,#808,.T.);
#622=ORIENTED_EDGE('',*,*,#822,.T.);
#623=ORIENTED_EDGE('',*,*,#691,.F.);
#624=ORIENTED_EDGE('',*,*,#822,.F.);
#625=ORIENTED_EDGE('',*,*,#807,.T.);
#626=ORIENTED_EDGE('',*,*,#815,.T.);
#627=ORIENTED_EDGE('',*,*,#823,.F.);
#628=ORIENTED_EDGE('',*,*,#732,.F.);
#629=ORIENTED_EDGE('',*,*,#824,.F.);
#630=ORIENTED_EDGE('',*,*,#664,.F.);
#631=ORIENTED_EDGE('',*,*,#824,.T.);
#632=ORIENTED_EDGE('',*,*,#757,.F.);
#633=ORIENTED_EDGE('',*,*,#825,.F.);
#634=ORIENTED_EDGE('',*,*,#665,.F.);
#635=ORIENTED_EDGE('',*,*,#823,.T.);
#636=ORIENTED_EDGE('',*,*,#663,.F.);
#637=ORIENTED_EDGE('',*,*,#826,.F.);
#638=ORIENTED_EDGE('',*,*,#755,.F.);
#639=ORIENTED_EDGE('',*,*,#825,.T.);
#640=ORIENTED_EDGE('',*,*,#736,.F.);
#641=ORIENTED_EDGE('',*,*,#827,.F.);
#642=ORIENTED_EDGE('',*,*,#666,.F.);
#643=ORIENTED_EDGE('',*,*,#826,.T.);
#644=ORIENTED_EDGE('',*,*,#662,.F.);
#645=ORIENTED_EDGE('',*,*,#828,.F.);
#646=ORIENTED_EDGE('',*,*,#713,.F.);
#647=ORIENTED_EDGE('',*,*,#827,.T.);
#648=ORIENTED_EDGE('',*,*,#758,.F.);
#649=ORIENTED_EDGE('',*,*,#829,.F.);
#650=ORIENTED_EDGE('',*,*,#659,.F.);
#651=ORIENTED_EDGE('',*,*,#828,.T.);
#652=ORIENTED_EDGE('',*,*,#661,.F.);
#653=ORIENTED_EDGE('',*,*,#830,.F.);
#654=ORIENTED_EDGE('',*,*,#756,.F.);
#655=ORIENTED_EDGE('',*,*,#829,.T.);
#656=ORIENTED_EDGE('',*,*,#740,.F.);
#657=ORIENTED_EDGE('',*,*,#830,.T.);
#658=ORIENTED_EDGE('',*,*,#660,.F.);
#659=EDGE_CURVE('',#831,#832,#943,.T.);
#660=EDGE_CURVE('',#832,#833,#67,.T.);
#661=EDGE_CURVE('',#833,#834,#944,.T.);
#662=EDGE_CURVE('',#834,#835,#68,.T.);
#663=EDGE_CURVE('',#835,#836,#945,.T.);
#664=EDGE_CURVE('',#836,#837,#69,.T.);
#665=EDGE_CURVE('',#837,#838,#946,.T.);
#666=EDGE_CURVE('',#838,#831,#70,.T.);
#667=EDGE_CURVE('',#839,#840,#71,.T.);
#668=EDGE_CURVE('',#841,#839,#72,.T.);
#669=EDGE_CURVE('',#842,#841,#73,.T.);
#670=EDGE_CURVE('',#840,#842,#74,.T.);
#671=EDGE_CURVE('',#843,#844,#47,.T.);
#672=EDGE_CURVE('',#844,#845,#75,.T.);
#673=EDGE_CURVE('',#845,#846,#48,.T.);
#674=EDGE_CURVE('',#846,#843,#76,.T.);
#675=EDGE_CURVE('',#847,#848,#77,.T.);
#676=EDGE_CURVE('',#848,#849,#78,.T.);
#677=EDGE_CURVE('',#849,#850,#79,.T.);
#678=EDGE_CURVE('',#850,#851,#80,.T.);
#679=EDGE_CURVE('',#851,#852,#81,.T.);
#680=EDGE_CURVE('',#852,#853,#82,.T.);
#681=EDGE_CURVE('',#853,#847,#83,.T.);
#682=EDGE_CURVE('',#854,#855,#84,.T.);
#683=EDGE_CURVE('',#855,#856,#85,.T.);
#684=EDGE_CURVE('',#856,#857,#49,.T.);
#685=EDGE_CURVE('',#857,#858,#50,.T.);
#686=EDGE_CURVE('',#858,#859,#86,.T.);
#687=EDGE_CURVE('',#859,#860,#51,.T.);
#688=EDGE_CURVE('',#860,#861,#87,.T.);
#689=EDGE_CURVE('',#861,#862,#88,.T.);
#690=EDGE_CURVE('',#862,#854,#89,.T.);
#691=EDGE_CURVE('',#863,#864,#52,.T.);
#692=EDGE_CURVE('',#864,#865,#53,.T.);
#693=EDGE_CURVE('',#865,#866,#54,.T.);
#694=EDGE_CURVE('',#866,#867,#90,.T.);
#695=EDGE_CURVE('',#867,#868,#55,.T.);
#696=EDGE_CURVE('',#868,#869,#91,.T.);
#697=EDGE_CURVE('',#869,#870,#56,.T.);
#698=EDGE_CURVE('',#870,#863,#92,.T.);
#699=EDGE_CURVE('',#871,#872,#93,.T.);
#700=EDGE_CURVE('',#871,#873,#94,.F.);
#701=EDGE_CURVE('',#873,#874,#95,.T.);
#702=EDGE_CURVE('',#874,#872,#96,.T.);
#703=EDGE_CURVE('',#875,#876,#97,.T.);
#704=EDGE_CURVE('',#875,#877,#98,.F.);
#705=EDGE_CURVE('',#877,#878,#99,.T.);
#706=EDGE_CURVE('',#878,#876,#100,.T.);
#707=EDGE_CURVE('',#879,#880,#101,.T.);
#708=EDGE_CURVE('',#879,#875,#947,.T.);
#709=EDGE_CURVE('',#876,#881,#948,.T.);
#710=EDGE_CURVE('',#881,#882,#102,.T.);
#711=EDGE_CURVE('',#880,#882,#103,.T.);
#712=EDGE_CURVE('',#883,#884,#104,.T.);
#713=EDGE_CURVE('',#884,#885,#105,.F.);
#714=EDGE_CURVE('',#885,#886,#106,.F.);
#715=EDGE_CURVE('',#886,#883,#107,.T.);
#716=EDGE_CURVE('',#877,#887,#949,.T.);
#717=EDGE_CURVE('',#888,#887,#108,.T.);
#718=EDGE_CURVE('',#888,#889,#109,.T.);
#719=EDGE_CURVE('',#889,#890,#110,.T.);
#720=EDGE_CURVE('',#890,#878,#950,.T.);
#721=EDGE_CURVE('',#891,#892,#111,.T.);
#722=EDGE_CURVE('',#891,#871,#951,.T.);
#723=EDGE_CURVE('',#872,#893,#952,.T.);
#724=EDGE_CURVE('',#893,#894,#112,.T.);
#725=EDGE_CURVE('',#892,#894,#113,.T.);
#726=EDGE_CURVE('',#873,#895,#953,.F.);
#727=EDGE_CURVE('',#895,#896,#114,.T.);
#728=EDGE_CURVE('',#896,#897,#115,.T.);
#729=EDGE_CURVE('',#898,#897,#116,.T.);
#730=EDGE_CURVE('',#898,#874,#954,.F.);
#731=EDGE_CURVE('',#899,#900,#117,.T.);
#732=EDGE_CURVE('',#900,#901,#118,.F.);
#733=EDGE_CURVE('',#901,#902,#119,.F.);
#734=EDGE_CURVE('',#902,#899,#120,.T.);
#735=EDGE_CURVE('',#903,#904,#121,.T.);
#736=EDGE_CURVE('',#904,#905,#122,.F.);
#737=EDGE_CURVE('',#905,#906,#123,.F.);
#738=EDGE_CURVE('',#903,#906,#124,.T.);
#739=EDGE_CURVE('',#907,#908,#125,.T.);
#740=EDGE_CURVE('',#908,#909,#126,.F.);
#741=EDGE_CURVE('',#909,#910,#127,.F.);
#742=EDGE_CURVE('',#907,#910,#128,.T.);
#743=EDGE_CURVE('',#888,#880,#129,.T.);
#744=EDGE_CURVE('',#889,#882,#130,.T.);
#745=EDGE_CURVE('',#896,#892,#131,.T.);
#746=EDGE_CURVE('',#897,#894,#132,.T.);
#747=EDGE_CURVE('',#902,#883,#955,.F.);
#748=EDGE_CURVE('',#886,#907,#956,.F.);
#749=EDGE_CURVE('',#910,#903,#957,.F.);
#750=EDGE_CURVE('',#906,#899,#958,.F.);
#751=EDGE_CURVE('',#893,#898,#133,.F.);
#752=EDGE_CURVE('',#895,#891,#134,.T.);
#753=EDGE_CURVE('',#881,#890,#135,.F.);
#754=EDGE_CURVE('',#887,#879,#136,.T.);
#755=EDGE_CURVE('',#901,#884,#959,.F.);
#756=EDGE_CURVE('',#885,#908,#960,.F.);
#757=EDGE_CURVE('',#905,#900,#961,.F.);
#758=EDGE_CURVE('',#909,#904,#962,.F.);
#759=EDGE_CURVE('',#911,#912,#137,.T.);
#760=EDGE_CURVE('',#913,#911,#57,.T.);
#761=EDGE_CURVE('',#914,#913,#138,.T.);
#762=EDGE_CURVE('',#912,#914,#58,.T.);
#763=EDGE_CURVE('',#911,#844,#139,.T.);
#764=EDGE_CURVE('',#912,#845,#140,.T.);
#765=EDGE_CURVE('',#914,#846,#141,.T.);
#766=EDGE_CURVE('',#913,#843,#142,.T.);
#767=EDGE_CURVE('',#915,#916,#143,.T.);
#768=EDGE_CURVE('',#916,#917,#144,.T.);
#769=EDGE_CURVE('',#917,#918,#145,.T.);
#770=EDGE_CURVE('',#918,#915,#146,.T.);
#771=EDGE_CURVE('',#917,#840,#147,.T.);
#772=EDGE_CURVE('',#916,#839,#148,.T.);
#773=EDGE_CURVE('',#918,#842,#149,.T.);
#774=EDGE_CURVE('',#915,#841,#150,.T.);
#775=EDGE_CURVE('',#919,#920,#151,.T.);
#776=EDGE_CURVE('',#921,#919,#152,.T.);
#777=EDGE_CURVE('',#922,#921,#153,.T.);
#778=EDGE_CURVE('',#923,#922,#154,.T.);
#779=EDGE_CURVE('',#924,#923,#155,.T.);
#780=EDGE_CURVE('',#925,#924,#156,.T.);
#781=EDGE_CURVE('',#920,#925,#157,.T.);
#782=EDGE_CURVE('',#919,#848,#158,.T.);
#783=EDGE_CURVE('',#920,#849,#159,.T.);
#784=EDGE_CURVE('',#925,#850,#160,.T.);
#785=EDGE_CURVE('',#924,#851,#161,.T.);
#786=EDGE_CURVE('',#923,#852,#162,.T.);
#787=EDGE_CURVE('',#922,#853,#163,.T.);
#788=EDGE_CURVE('',#921,#847,#164,.T.);
#789=EDGE_CURVE('',#926,#927,#165,.T.);
#790=EDGE_CURVE('',#928,#926,#166,.T.);
#791=EDGE_CURVE('',#929,#928,#167,.T.);
#792=EDGE_CURVE('',#930,#929,#168,.T.);
#793=EDGE_CURVE('',#931,#930,#169,.T.);
#794=EDGE_CURVE('',#932,#931,#59,.T.);
#795=EDGE_CURVE('',#933,#932,#170,.T.);
#796=EDGE_CURVE('',#934,#933,#60,.T.);
#797=EDGE_CURVE('',#927,#934,#61,.T.);
#798=EDGE_CURVE('',#926,#855,#171,.T.);
#799=EDGE_CURVE('',#927,#856,#172,.T.);
#800=EDGE_CURVE('',#934,#857,#173,.T.);
#801=EDGE_CURVE('',#933,#858,#174,.T.);
#802=EDGE_CURVE('',#932,#859,#175,.T.);
#803=EDGE_CURVE('',#931,#860,#176,.T.);
#804=EDGE_CURVE('',#930,#861,#177,.T.);
#805=EDGE_CURVE('',#929,#862,#178,.T.);
#806=EDGE_CURVE('',#928,#854,#179,.T.);
#807=EDGE_CURVE('',#935,#936,#62,.T.);
#808=EDGE_CURVE('',#937,#935,#180,.T.);
#809=EDGE_CURVE('',#938,#937,#63,.T.);
#810=EDGE_CURVE('',#939,#938,#181,.T.);
#811=EDGE_CURVE('',#940,#939,#64,.T.);
#812=EDGE_CURVE('',#941,#940,#182,.T.);
#813=EDGE_CURVE('',#942,#941,#65,.T.);
#814=EDGE_CURVE('',#936,#942,#66,.T.);
#815=EDGE_CURVE('',#936,#864,#183,.T.);
#816=EDGE_CURVE('',#942,#865,#184,.T.);
#817=EDGE_CURVE('',#941,#866,#185,.T.);
#818=EDGE_CURVE('',#940,#867,#186,.T.);
#819=EDGE_CURVE('',#939,#868,#187,.T.);
#820=EDGE_CURVE('',#938,#869,#188,.T.);
#821=EDGE_CURVE('',#937,#870,#189,.T.);
#822=EDGE_CURVE('',#935,#863,#190,.T.);
#823=EDGE_CURVE('',#901,#836,#963,.T.);
#824=EDGE_CURVE('',#837,#900,#964,.T.);
#825=EDGE_CURVE('',#838,#905,#965,.T.);
#826=EDGE_CURVE('',#884,#835,#966,.T.);
#827=EDGE_CURVE('',#831,#904,#967,.T.);
#828=EDGE_CURVE('',#885,#834,#968,.T.);
#829=EDGE_CURVE('',#832,#909,#969,.T.);
#830=EDGE_CURVE('',#908,#833,#970,.T.);
#831=VERTEX_POINT('',#2116);
#832=VERTEX_POINT('',#2117);
#833=VERTEX_POINT('',#2119);
#834=VERTEX_POINT('',#2121);
#835=VERTEX_POINT('',#2123);
#836=VERTEX_POINT('',#2125);
#837=VERTEX_POINT('',#2127);
#838=VERTEX_POINT('',#2129);
#839=VERTEX_POINT('',#2132);
#840=VERTEX_POINT('',#2133);
#841=VERTEX_POINT('',#2135);
#842=VERTEX_POINT('',#2137);
#843=VERTEX_POINT('',#2167);
#844=VERTEX_POINT('',#2168);
#845=VERTEX_POINT('',#2170);
#846=VERTEX_POINT('',#2187);
#847=VERTEX_POINT('',#2190);
#848=VERTEX_POINT('',#2191);
#849=VERTEX_POINT('',#2193);
#850=VERTEX_POINT('',#2195);
#851=VERTEX_POINT('',#2197);
#852=VERTEX_POINT('',#2199);
#853=VERTEX_POINT('',#2201);
#854=VERTEX_POINT('',#2204);
#855=VERTEX_POINT('',#2205);
#856=VERTEX_POINT('',#2207);
#857=VERTEX_POINT('',#2218);
#858=VERTEX_POINT('',#2229);
#859=VERTEX_POINT('',#2231);
#860=VERTEX_POINT('',#2250);
#861=VERTEX_POINT('',#2252);
#862=VERTEX_POINT('',#2254);
#863=VERTEX_POINT('',#2271);
#864=VERTEX_POINT('',#2272);
#865=VERTEX_POINT('',#2280);
#866=VERTEX_POINT('',#2291);
#867=VERTEX_POINT('',#2293);
#868=VERTEX_POINT('',#2312);
#869=VERTEX_POINT('',#2314);
#870=VERTEX_POINT('',#2336);
#871=VERTEX_POINT('',#2340);
#872=VERTEX_POINT('',#2341);
#873=VERTEX_POINT('',#2343);
#874=VERTEX_POINT('',#2345);
#875=VERTEX_POINT('',#2349);
#876=VERTEX_POINT('',#2350);
#877=VERTEX_POINT('',#2352);
#878=VERTEX_POINT('',#2354);
#879=VERTEX_POINT('',#2358);
#880=VERTEX_POINT('',#2359);
#881=VERTEX_POINT('',#2362);
#882=VERTEX_POINT('',#2364);
#883=VERTEX_POINT('',#2368);
#884=VERTEX_POINT('',#2369);
#885=VERTEX_POINT('',#2371);
#886=VERTEX_POINT('',#2373);
#887=VERTEX_POINT('',#2377);
#888=VERTEX_POINT('',#2379);
#889=VERTEX_POINT('',#2381);
#890=VERTEX_POINT('',#2383);
#891=VERTEX_POINT('',#2387);
#892=VERTEX_POINT('',#2388);
#893=VERTEX_POINT('',#2391);
#894=VERTEX_POINT('',#2393);
#895=VERTEX_POINT('',#2397);
#896=VERTEX_POINT('',#2399);
#897=VERTEX_POINT('',#2401);
#898=VERTEX_POINT('',#2403);
#899=VERTEX_POINT('',#2407);
#900=VERTEX_POINT('',#2408);
#901=VERTEX_POINT('',#2410);
#902=VERTEX_POINT('',#2412);
#903=VERTEX_POINT('',#2416);
#904=VERTEX_POINT('',#2417);
#905=VERTEX_POINT('',#2419);
#906=VERTEX_POINT('',#2421);
#907=VERTEX_POINT('',#2425);
#908=VERTEX_POINT('',#2426);
#909=VERTEX_POINT('',#2428);
#910=VERTEX_POINT('',#2430);
#911=VERTEX_POINT('',#2463);
#912=VERTEX_POINT('',#2464);
#913=VERTEX_POINT('',#2493);
#914=VERTEX_POINT('',#2495);
#915=VERTEX_POINT('',#2578);
#916=VERTEX_POINT('',#2579);
#917=VERTEX_POINT('',#2581);
#918=VERTEX_POINT('',#2583);
#919=VERTEX_POINT('',#2595);
#920=VERTEX_POINT('',#2596);
#921=VERTEX_POINT('',#2598);
#922=VERTEX_POINT('',#2600);
#923=VERTEX_POINT('',#2602);
#924=VERTEX_POINT('',#2604);
#925=VERTEX_POINT('',#2606);
#926=VERTEX_POINT('',#2624);
#927=VERTEX_POINT('',#2625);
#928=VERTEX_POINT('',#2627);
#929=VERTEX_POINT('',#2629);
#930=VERTEX_POINT('',#2631);
#931=VERTEX_POINT('',#2633);
#932=VERTEX_POINT('',#2652);
#933=VERTEX_POINT('',#2654);
#934=VERTEX_POINT('',#2665);
#935=VERTEX_POINT('',#2745);
#936=VERTEX_POINT('',#2746);
#937=VERTEX_POINT('',#2748);
#938=VERTEX_POINT('',#2770);
#939=VERTEX_POINT('',#2772);
#940=VERTEX_POINT('',#2791);
#941=VERTEX_POINT('',#2793);
#942=VERTEX_POINT('',#2804);
#943=CIRCLE('',#1727,0.13);
#944=CIRCLE('',#1728,0.13);
#945=CIRCLE('',#1729,0.13);
#946=CIRCLE('',#1730,0.13);
#947=CIRCLE('',#1734,0.12);
#948=CIRCLE('',#1735,0.12);
#949=CIRCLE('',#1738,0.12);
#950=CIRCLE('',#1739,0.12);
#951=CIRCLE('',#1741,0.12);
#952=CIRCLE('',#1742,0.12);
#953=CIRCLE('',#1744,0.12);
#954=CIRCLE('',#1745,0.12);
#955=CIRCLE('',#1750,0.15);
#956=CIRCLE('',#1751,0.15);
#957=CIRCLE('',#1752,0.15);
#958=CIRCLE('',#1753,0.15);
#959=CIRCLE('',#1763,0.15);
#960=CIRCLE('',#1765,0.15);
#961=CIRCLE('',#1767,0.15);
#962=CIRCLE('',#1769,0.15);
#963=CIRCLE('',#1798,0.02);
#964=CIRCLE('',#1799,0.02);
#965=CIRCLE('',#1801,0.02);
#966=CIRCLE('',#1803,0.02);
#967=CIRCLE('',#1805,0.02);
#968=CIRCLE('',#1807,0.02);
#969=CIRCLE('',#1809,0.02);
#970=CIRCLE('',#1811,0.02);
#971=EDGE_LOOP('',(#315,#316,#317,#318,#319,#320,#321,#322));
#972=EDGE_LOOP('',(#323,#324,#325,#326));
#973=EDGE_LOOP('',(#327,#328,#329,#330));
#974=EDGE_LOOP('',(#331,#332,#333,#334,#335,#336,#337));
#975=EDGE_LOOP('',(#338,#339,#340,#341,#342,#343,#344,#345,#346));
#976=EDGE_LOOP('',(#347,#348,#349,#350,#351,#352,#353,#354));
#977=EDGE_LOOP('',(#355,#356,#357,#358));
#978=EDGE_LOOP('',(#359,#360,#361,#362));
#979=EDGE_LOOP('',(#363,#364,#365,#366,#367,#368));
#980=EDGE_LOOP('',(#369,#370,#371,#372));
#981=EDGE_LOOP('',(#373,#374,#375,#376,#377,#378));
#982=EDGE_LOOP('',(#379,#380,#381,#382,#383,#384));
#983=EDGE_LOOP('',(#385,#386,#387,#388,#389,#390));
#984=EDGE_LOOP('',(#391,#392,#393,#394));
#985=EDGE_LOOP('',(#395,#396,#397,#398));
#986=EDGE_LOOP('',(#399,#400,#401,#402));
#987=EDGE_LOOP('',(#403,#404,#405,#406));
#988=EDGE_LOOP('',(#407,#408,#409,#410));
#989=EDGE_LOOP('',(#411,#412,#413,#414,#415,#416,#417,#418));
#990=EDGE_LOOP('',(#419,#420,#421,#422));
#991=EDGE_LOOP('',(#423,#424,#425,#426));
#992=EDGE_LOOP('',(#427,#428,#429,#430));
#993=EDGE_LOOP('',(#431,#432,#433,#434));
#994=EDGE_LOOP('',(#435,#436,#437,#438));
#995=EDGE_LOOP('',(#439,#440,#441,#442));
#996=EDGE_LOOP('',(#443,#444,#445,#446));
#997=EDGE_LOOP('',(#447,#448,#449,#450));
#998=EDGE_LOOP('',(#451,#452,#453,#454));
#999=EDGE_LOOP('',(#455,#456,#457,#458));
#1000=EDGE_LOOP('',(#459,#460,#461,#462));
#1001=EDGE_LOOP('',(#463,#464,#465,#466));
#1002=EDGE_LOOP('',(#467,#468,#469,#470));
#1003=EDGE_LOOP('',(#471,#472,#473,#474));
#1004=EDGE_LOOP('',(#475,#476,#477,#478));
#1005=EDGE_LOOP('',(#479,#480,#481,#482));
#1006=EDGE_LOOP('',(#483,#484,#485,#486));
#1007=EDGE_LOOP('',(#487,#488,#489,#490));
#1008=EDGE_LOOP('',(#491,#492,#493,#494));
#1009=EDGE_LOOP('',(#495,#496,#497,#498));
#1010=EDGE_LOOP('',(#499,#500,#501,#502));
#1011=EDGE_LOOP('',(#503,#504,#505,#506));
#1012=EDGE_LOOP('',(#507,#508,#509,#510,#511,#512,#513));
#1013=EDGE_LOOP('',(#514,#515,#516,#517));
#1014=EDGE_LOOP('',(#518,#519,#520,#521));
#1015=EDGE_LOOP('',(#522,#523,#524,#525));
#1016=EDGE_LOOP('',(#526,#527,#528,#529));
#1017=EDGE_LOOP('',(#530,#531,#532,#533));
#1018=EDGE_LOOP('',(#534,#535,#536,#537));
#1019=EDGE_LOOP('',(#538,#539,#540,#541));
#1020=EDGE_LOOP('',(#542,#543,#544,#545,#546,#547,#548,#549,#550));
#1021=EDGE_LOOP('',(#551,#552,#553,#554));
#1022=EDGE_LOOP('',(#555,#556,#557,#558));
#1023=EDGE_LOOP('',(#559,#560,#561,#562));
#1024=EDGE_LOOP('',(#563,#564,#565,#566));
#1025=EDGE_LOOP('',(#567,#568,#569,#570));
#1026=EDGE_LOOP('',(#571,#572,#573,#574));
#1027=EDGE_LOOP('',(#575,#576,#577,#578));
#1028=EDGE_LOOP('',(#579,#580,#581,#582));
#1029=EDGE_LOOP('',(#583,#584,#585,#586));
#1030=EDGE_LOOP('',(#587,#588,#589,#590,#591,#592,#593,#594));
#1031=EDGE_LOOP('',(#595,#596,#597,#598));
#1032=EDGE_LOOP('',(#599,#600,#601,#602));
#1033=EDGE_LOOP('',(#603,#604,#605,#606));
#1034=EDGE_LOOP('',(#607,#608,#609,#610));
#1035=EDGE_LOOP('',(#611,#612,#613,#614));
#1036=EDGE_LOOP('',(#615,#616,#617,#618));
#1037=EDGE_LOOP('',(#619,#620,#621,#622));
#1038=EDGE_LOOP('',(#623,#624,#625,#626));
#1039=EDGE_LOOP('',(#627,#628,#629,#630));
#1040=EDGE_LOOP('',(#631,#632,#633,#634));
#1041=EDGE_LOOP('',(#635,#636,#637,#638));
#1042=EDGE_LOOP('',(#639,#640,#641,#642));
#1043=EDGE_LOOP('',(#643,#644,#645,#646));
#1044=EDGE_LOOP('',(#647,#648,#649,#650));
#1045=EDGE_LOOP('',(#651,#652,#653,#654));
#1046=EDGE_LOOP('',(#655,#656,#657,#658));
#1047=FACE_BOUND('',#971,.T.);
#1048=FACE_BOUND('',#972,.T.);
#1049=FACE_BOUND('',#973,.T.);
#1050=FACE_BOUND('',#974,.T.);
#1051=FACE_BOUND('',#975,.T.);
#1052=FACE_BOUND('',#976,.T.);
#1053=FACE_BOUND('',#977,.T.);
#1054=FACE_BOUND('',#978,.T.);
#1055=FACE_BOUND('',#979,.T.);
#1056=FACE_BOUND('',#980,.T.);
#1057=FACE_BOUND('',#981,.T.);
#1058=FACE_BOUND('',#982,.T.);
#1059=FACE_BOUND('',#983,.T.);
#1060=FACE_BOUND('',#984,.T.);
#1061=FACE_BOUND('',#985,.T.);
#1062=FACE_BOUND('',#986,.T.);
#1063=FACE_BOUND('',#987,.T.);
#1064=FACE_BOUND('',#988,.T.);
#1065=FACE_BOUND('',#989,.T.);
#1066=FACE_BOUND('',#990,.T.);
#1067=FACE_BOUND('',#991,.T.);
#1068=FACE_BOUND('',#992,.T.);
#1069=FACE_BOUND('',#993,.T.);
#1070=FACE_BOUND('',#994,.T.);
#1071=FACE_BOUND('',#995,.T.);
#1072=FACE_BOUND('',#996,.T.);
#1073=FACE_BOUND('',#997,.T.);
#1074=FACE_BOUND('',#998,.T.);
#1075=FACE_BOUND('',#999,.T.);
#1076=FACE_BOUND('',#1000,.T.);
#1077=FACE_BOUND('',#1001,.T.);
#1078=FACE_BOUND('',#1002,.T.);
#1079=FACE_BOUND('',#1003,.T.);
#1080=FACE_BOUND('',#1004,.T.);
#1081=FACE_BOUND('',#1005,.T.);
#1082=FACE_BOUND('',#1006,.T.);
#1083=FACE_BOUND('',#1007,.T.);
#1084=FACE_BOUND('',#1008,.T.);
#1085=FACE_BOUND('',#1009,.T.);
#1086=FACE_BOUND('',#1010,.T.);
#1087=FACE_BOUND('',#1011,.T.);
#1088=FACE_BOUND('',#1012,.T.);
#1089=FACE_BOUND('',#1013,.T.);
#1090=FACE_BOUND('',#1014,.T.);
#1091=FACE_BOUND('',#1015,.T.);
#1092=FACE_BOUND('',#1016,.T.);
#1093=FACE_BOUND('',#1017,.T.);
#1094=FACE_BOUND('',#1018,.T.);
#1095=FACE_BOUND('',#1019,.T.);
#1096=FACE_BOUND('',#1020,.T.);
#1097=FACE_BOUND('',#1021,.T.);
#1098=FACE_BOUND('',#1022,.T.);
#1099=FACE_BOUND('',#1023,.T.);
#1100=FACE_BOUND('',#1024,.T.);
#1101=FACE_BOUND('',#1025,.T.);
#1102=FACE_BOUND('',#1026,.T.);
#1103=FACE_BOUND('',#1027,.T.);
#1104=FACE_BOUND('',#1028,.T.);
#1105=FACE_BOUND('',#1029,.T.);
#1106=FACE_BOUND('',#1030,.T.);
#1107=FACE_BOUND('',#1031,.T.);
#1108=FACE_BOUND('',#1032,.T.);
#1109=FACE_BOUND('',#1033,.T.);
#1110=FACE_BOUND('',#1034,.T.);
#1111=FACE_BOUND('',#1035,.T.);
#1112=FACE_BOUND('',#1036,.T.);
#1113=FACE_BOUND('',#1037,.T.);
#1114=FACE_BOUND('',#1038,.T.);
#1115=FACE_BOUND('',#1039,.T.);
#1116=FACE_BOUND('',#1040,.T.);
#1117=FACE_BOUND('',#1041,.T.);
#1118=FACE_BOUND('',#1042,.T.);
#1119=FACE_BOUND('',#1043,.T.);
#1120=FACE_BOUND('',#1044,.T.);
#1121=FACE_BOUND('',#1045,.T.);
#1122=FACE_BOUND('',#1046,.T.);
#1123=PLANE('',#1726);
#1124=PLANE('',#1731);
#1125=PLANE('',#1732);
#1126=PLANE('',#1733);
#1127=PLANE('',#1736);
#1128=PLANE('',#1737);
#1129=PLANE('',#1740);
#1130=PLANE('',#1743);
#1131=PLANE('',#1746);
#1132=PLANE('',#1747);
#1133=PLANE('',#1748);
#1134=PLANE('',#1749);
#1135=PLANE('',#1754);
#1136=PLANE('',#1755);
#1137=PLANE('',#1756);
#1138=PLANE('',#1757);
#1139=PLANE('',#1770);
#1140=PLANE('',#1771);
#1141=PLANE('',#1772);
#1142=PLANE('',#1773);
#1143=PLANE('',#1774);
#1144=PLANE('',#1775);
#1145=PLANE('',#1776);
#1146=PLANE('',#1777);
#1147=PLANE('',#1778);
#1148=PLANE('',#1779);
#1149=PLANE('',#1780);
#1150=PLANE('',#1781);
#1151=PLANE('',#1782);
#1152=PLANE('',#1783);
#1153=PLANE('',#1784);
#1154=PLANE('',#1785);
#1155=PLANE('',#1786);
#1156=PLANE('',#1787);
#1157=PLANE('',#1788);
#1158=PLANE('',#1789);
#1159=PLANE('',#1790);
#1160=PLANE('',#1791);
#1161=PLANE('',#1792);
#1162=PLANE('',#1793);
#1163=PLANE('',#1794);
#1164=PLANE('',#1795);
#1165=PLANE('',#1796);
#1166=STYLED_ITEM('',(#1235),#1652);
#1167=STYLED_ITEM('',(#1236),#1653);
#1168=STYLED_ITEM('',(#1237),#1654);
#1169=STYLED_ITEM('',(#1238),#1655);
#1170=STYLED_ITEM('',(#1239),#1656);
#1171=STYLED_ITEM('',(#1240),#1657);
#1172=STYLED_ITEM('',(#1241),#1658);
#1173=STYLED_ITEM('',(#1242),#1659);
#1174=STYLED_ITEM('',(#1243),#1660);
#1175=STYLED_ITEM('',(#1244),#1661);
#1176=STYLED_ITEM('',(#1245),#1662);
#1177=STYLED_ITEM('',(#1246),#1663);
#1178=STYLED_ITEM('',(#1247),#1664);
#1179=STYLED_ITEM('',(#1248),#1665);
#1180=STYLED_ITEM('',(#1249),#1666);
#1181=STYLED_ITEM('',(#1250),#1667);
#1182=STYLED_ITEM('',(#1251),#1668);
#1183=STYLED_ITEM('',(#1252),#1669);
#1184=STYLED_ITEM('',(#1253),#1670);
#1185=STYLED_ITEM('',(#1254),#1671);
#1186=STYLED_ITEM('',(#1255),#1672);
#1187=STYLED_ITEM('',(#1256),#1673);
#1188=STYLED_ITEM('',(#1257),#1674);
#1189=STYLED_ITEM('',(#1258),#1675);
#1190=STYLED_ITEM('',(#1259),#1676);
#1191=STYLED_ITEM('',(#1260),#1677);
#1192=STYLED_ITEM('',(#1261),#1678);
#1193=STYLED_ITEM('',(#1262),#1679);
#1194=STYLED_ITEM('',(#1263),#1680);
#1195=STYLED_ITEM('',(#1264),#1681);
#1196=STYLED_ITEM('',(#1265),#1682);
#1197=STYLED_ITEM('',(#1266),#1683);
#1198=STYLED_ITEM('',(#1267),#1684);
#1199=STYLED_ITEM('',(#1268),#1685);
#1200=STYLED_ITEM('',(#1269),#1686);
#1201=STYLED_ITEM('',(#1270),#1687);
#1202=STYLED_ITEM('',(#1271),#1688);
#1203=STYLED_ITEM('',(#1272),#1689);
#1204=STYLED_ITEM('',(#1273),#1690);
#1205=STYLED_ITEM('',(#1274),#1691);
#1206=STYLED_ITEM('',(#1275),#1692);
#1207=STYLED_ITEM('',(#1276),#1693);
#1208=STYLED_ITEM('',(#1277),#1694);
#1209=STYLED_ITEM('',(#1278),#1695);
#1210=STYLED_ITEM('',(#1279),#1696);
#1211=STYLED_ITEM('',(#1280),#1697);
#1212=STYLED_ITEM('',(#1281),#1698);
#1213=STYLED_ITEM('',(#1282),#1699);
#1214=STYLED_ITEM('',(#1283),#1700);
#1215=STYLED_ITEM('',(#1284),#1701);
#1216=STYLED_ITEM('',(#1285),#1702);
#1217=STYLED_ITEM('',(#1286),#1703);
#1218=STYLED_ITEM('',(#1287),#1704);
#1219=STYLED_ITEM('',(#1288),#1705);
#1220=STYLED_ITEM('',(#1289),#1706);
#1221=STYLED_ITEM('',(#1290),#1707);
#1222=STYLED_ITEM('',(#1291),#1708);
#1223=STYLED_ITEM('',(#1292),#1709);
#1224=STYLED_ITEM('',(#1293),#1710);
#1225=STYLED_ITEM('',(#1294),#1711);
#1226=STYLED_ITEM('',(#1295),#1712);
#1227=STYLED_ITEM('',(#1296),#1713);
#1228=STYLED_ITEM('',(#1297),#1714);
#1229=STYLED_ITEM('',(#1298),#1715);
#1230=STYLED_ITEM('',(#1299),#1716);
#1231=STYLED_ITEM('',(#1300),#1717);
#1232=STYLED_ITEM('',(#1301),#1718);
#1233=STYLED_ITEM('',(#1302),#1719);
#1234=STYLED_ITEM('',(#1303),#1720);
#1235=PRESENTATION_STYLE_ASSIGNMENT((#1304));
#1236=PRESENTATION_STYLE_ASSIGNMENT((#1305));
#1237=PRESENTATION_STYLE_ASSIGNMENT((#1306));
#1238=PRESENTATION_STYLE_ASSIGNMENT((#1307));
#1239=PRESENTATION_STYLE_ASSIGNMENT((#1308));
#1240=PRESENTATION_STYLE_ASSIGNMENT((#1309));
#1241=PRESENTATION_STYLE_ASSIGNMENT((#1310));
#1242=PRESENTATION_STYLE_ASSIGNMENT((#1311));
#1243=PRESENTATION_STYLE_ASSIGNMENT((#1312));
#1244=PRESENTATION_STYLE_ASSIGNMENT((#1313));
#1245=PRESENTATION_STYLE_ASSIGNMENT((#1314));
#1246=PRESENTATION_STYLE_ASSIGNMENT((#1315));
#1247=PRESENTATION_STYLE_ASSIGNMENT((#1316));
#1248=PRESENTATION_STYLE_ASSIGNMENT((#1317));
#1249=PRESENTATION_STYLE_ASSIGNMENT((#1318));
#1250=PRESENTATION_STYLE_ASSIGNMENT((#1319));
#1251=PRESENTATION_STYLE_ASSIGNMENT((#1320));
#1252=PRESENTATION_STYLE_ASSIGNMENT((#1321));
#1253=PRESENTATION_STYLE_ASSIGNMENT((#1322));
#1254=PRESENTATION_STYLE_ASSIGNMENT((#1323));
#1255=PRESENTATION_STYLE_ASSIGNMENT((#1324));
#1256=PRESENTATION_STYLE_ASSIGNMENT((#1325));
#1257=PRESENTATION_STYLE_ASSIGNMENT((#1326));
#1258=PRESENTATION_STYLE_ASSIGNMENT((#1327));
#1259=PRESENTATION_STYLE_ASSIGNMENT((#1328));
#1260=PRESENTATION_STYLE_ASSIGNMENT((#1329));
#1261=PRESENTATION_STYLE_ASSIGNMENT((#1330));
#1262=PRESENTATION_STYLE_ASSIGNMENT((#1331));
#1263=PRESENTATION_STYLE_ASSIGNMENT((#1332));
#1264=PRESENTATION_STYLE_ASSIGNMENT((#1333));
#1265=PRESENTATION_STYLE_ASSIGNMENT((#1334));
#1266=PRESENTATION_STYLE_ASSIGNMENT((#1335));
#1267=PRESENTATION_STYLE_ASSIGNMENT((#1336));
#1268=PRESENTATION_STYLE_ASSIGNMENT((#1337));
#1269=PRESENTATION_STYLE_ASSIGNMENT((#1338));
#1270=PRESENTATION_STYLE_ASSIGNMENT((#1339));
#1271=PRESENTATION_STYLE_ASSIGNMENT((#1340));
#1272=PRESENTATION_STYLE_ASSIGNMENT((#1341));
#1273=PRESENTATION_STYLE_ASSIGNMENT((#1342));
#1274=PRESENTATION_STYLE_ASSIGNMENT((#1343));
#1275=PRESENTATION_STYLE_ASSIGNMENT((#1344));
#1276=PRESENTATION_STYLE_ASSIGNMENT((#1345));
#1277=PRESENTATION_STYLE_ASSIGNMENT((#1346));
#1278=PRESENTATION_STYLE_ASSIGNMENT((#1347));
#1279=PRESENTATION_STYLE_ASSIGNMENT((#1348));
#1280=PRESENTATION_STYLE_ASSIGNMENT((#1349));
#1281=PRESENTATION_STYLE_ASSIGNMENT((#1350));
#1282=PRESENTATION_STYLE_ASSIGNMENT((#1351));
#1283=PRESENTATION_STYLE_ASSIGNMENT((#1352));
#1284=PRESENTATION_STYLE_ASSIGNMENT((#1353));
#1285=PRESENTATION_STYLE_ASSIGNMENT((#1354));
#1286=PRESENTATION_STYLE_ASSIGNMENT((#1355));
#1287=PRESENTATION_STYLE_ASSIGNMENT((#1356));
#1288=PRESENTATION_STYLE_ASSIGNMENT((#1357));
#1289=PRESENTATION_STYLE_ASSIGNMENT((#1358));
#1290=PRESENTATION_STYLE_ASSIGNMENT((#1359));
#1291=PRESENTATION_STYLE_ASSIGNMENT((#1360));
#1292=PRESENTATION_STYLE_ASSIGNMENT((#1361));
#1293=PRESENTATION_STYLE_ASSIGNMENT((#1362));
#1294=PRESENTATION_STYLE_ASSIGNMENT((#1363));
#1295=PRESENTATION_STYLE_ASSIGNMENT((#1364));
#1296=PRESENTATION_STYLE_ASSIGNMENT((#1365));
#1297=PRESENTATION_STYLE_ASSIGNMENT((#1366));
#1298=PRESENTATION_STYLE_ASSIGNMENT((#1367));
#1299=PRESENTATION_STYLE_ASSIGNMENT((#1368));
#1300=PRESENTATION_STYLE_ASSIGNMENT((#1369));
#1301=PRESENTATION_STYLE_ASSIGNMENT((#1370));
#1302=PRESENTATION_STYLE_ASSIGNMENT((#1371));
#1303=PRESENTATION_STYLE_ASSIGNMENT((#1372));
#1304=SURFACE_STYLE_USAGE(.BOTH.,#1373);
#1305=SURFACE_STYLE_USAGE(.BOTH.,#1374);
#1306=SURFACE_STYLE_USAGE(.BOTH.,#1375);
#1307=SURFACE_STYLE_USAGE(.BOTH.,#1376);
#1308=SURFACE_STYLE_USAGE(.BOTH.,#1377);
#1309=SURFACE_STYLE_USAGE(.BOTH.,#1378);
#1310=SURFACE_STYLE_USAGE(.BOTH.,#1379);
#1311=SURFACE_STYLE_USAGE(.BOTH.,#1380);
#1312=SURFACE_STYLE_USAGE(.BOTH.,#1381);
#1313=SURFACE_STYLE_USAGE(.BOTH.,#1382);
#1314=SURFACE_STYLE_USAGE(.BOTH.,#1383);
#1315=SURFACE_STYLE_USAGE(.BOTH.,#1384);
#1316=SURFACE_STYLE_USAGE(.BOTH.,#1385);
#1317=SURFACE_STYLE_USAGE(.BOTH.,#1386);
#1318=SURFACE_STYLE_USAGE(.BOTH.,#1387);
#1319=SURFACE_STYLE_USAGE(.BOTH.,#1388);
#1320=SURFACE_STYLE_USAGE(.BOTH.,#1389);
#1321=SURFACE_STYLE_USAGE(.BOTH.,#1390);
#1322=SURFACE_STYLE_USAGE(.BOTH.,#1391);
#1323=SURFACE_STYLE_USAGE(.BOTH.,#1392);
#1324=SURFACE_STYLE_USAGE(.BOTH.,#1393);
#1325=SURFACE_STYLE_USAGE(.BOTH.,#1394);
#1326=SURFACE_STYLE_USAGE(.BOTH.,#1395);
#1327=SURFACE_STYLE_USAGE(.BOTH.,#1396);
#1328=SURFACE_STYLE_USAGE(.BOTH.,#1397);
#1329=SURFACE_STYLE_USAGE(.BOTH.,#1398);
#1330=SURFACE_STYLE_USAGE(.BOTH.,#1399);
#1331=SURFACE_STYLE_USAGE(.BOTH.,#1400);
#1332=SURFACE_STYLE_USAGE(.BOTH.,#1401);
#1333=SURFACE_STYLE_USAGE(.BOTH.,#1402);
#1334=SURFACE_STYLE_USAGE(.BOTH.,#1403);
#1335=SURFACE_STYLE_USAGE(.BOTH.,#1404);
#1336=SURFACE_STYLE_USAGE(.BOTH.,#1405);
#1337=SURFACE_STYLE_USAGE(.BOTH.,#1406);
#1338=SURFACE_STYLE_USAGE(.BOTH.,#1407);
#1339=SURFACE_STYLE_USAGE(.BOTH.,#1408);
#1340=SURFACE_STYLE_USAGE(.BOTH.,#1409);
#1341=SURFACE_STYLE_USAGE(.BOTH.,#1410);
#1342=SURFACE_STYLE_USAGE(.BOTH.,#1411);
#1343=SURFACE_STYLE_USAGE(.BOTH.,#1412);
#1344=SURFACE_STYLE_USAGE(.BOTH.,#1413);
#1345=SURFACE_STYLE_USAGE(.BOTH.,#1414);
#1346=SURFACE_STYLE_USAGE(.BOTH.,#1415);
#1347=SURFACE_STYLE_USAGE(.BOTH.,#1416);
#1348=SURFACE_STYLE_USAGE(.BOTH.,#1417);
#1349=SURFACE_STYLE_USAGE(.BOTH.,#1418);
#1350=SURFACE_STYLE_USAGE(.BOTH.,#1419);
#1351=SURFACE_STYLE_USAGE(.BOTH.,#1420);
#1352=SURFACE_STYLE_USAGE(.BOTH.,#1421);
#1353=SURFACE_STYLE_USAGE(.BOTH.,#1422);
#1354=SURFACE_STYLE_USAGE(.BOTH.,#1423);
#1355=SURFACE_STYLE_USAGE(.BOTH.,#1424);
#1356=SURFACE_STYLE_USAGE(.BOTH.,#1425);
#1357=SURFACE_STYLE_USAGE(.BOTH.,#1426);
#1358=SURFACE_STYLE_USAGE(.BOTH.,#1427);
#1359=SURFACE_STYLE_USAGE(.BOTH.,#1428);
#1360=SURFACE_STYLE_USAGE(.BOTH.,#1429);
#1361=SURFACE_STYLE_USAGE(.BOTH.,#1430);
#1362=SURFACE_STYLE_USAGE(.BOTH.,#1431);
#1363=SURFACE_STYLE_USAGE(.BOTH.,#1432);
#1364=SURFACE_STYLE_USAGE(.BOTH.,#1433);
#1365=SURFACE_STYLE_USAGE(.BOTH.,#1434);
#1366=SURFACE_STYLE_USAGE(.BOTH.,#1435);
#1367=SURFACE_STYLE_USAGE(.BOTH.,#1436);
#1368=SURFACE_STYLE_USAGE(.BOTH.,#1437);
#1369=SURFACE_STYLE_USAGE(.BOTH.,#1438);
#1370=SURFACE_STYLE_USAGE(.BOTH.,#1439);
#1371=SURFACE_STYLE_USAGE(.BOTH.,#1440);
#1372=SURFACE_STYLE_USAGE(.BOTH.,#1441);
#1373=SURFACE_SIDE_STYLE('',(#1442));
#1374=SURFACE_SIDE_STYLE('',(#1443));
#1375=SURFACE_SIDE_STYLE('',(#1444));
#1376=SURFACE_SIDE_STYLE('',(#1445));
#1377=SURFACE_SIDE_STYLE('',(#1446));
#1378=SURFACE_SIDE_STYLE('',(#1447));
#1379=SURFACE_SIDE_STYLE('',(#1448));
#1380=SURFACE_SIDE_STYLE('',(#1449));
#1381=SURFACE_SIDE_STYLE('',(#1450));
#1382=SURFACE_SIDE_STYLE('',(#1451));
#1383=SURFACE_SIDE_STYLE('',(#1452));
#1384=SURFACE_SIDE_STYLE('',(#1453));
#1385=SURFACE_SIDE_STYLE('',(#1454));
#1386=SURFACE_SIDE_STYLE('',(#1455));
#1387=SURFACE_SIDE_STYLE('',(#1456));
#1388=SURFACE_SIDE_STYLE('',(#1457));
#1389=SURFACE_SIDE_STYLE('',(#1458));
#1390=SURFACE_SIDE_STYLE('',(#1459));
#1391=SURFACE_SIDE_STYLE('',(#1460));
#1392=SURFACE_SIDE_STYLE('',(#1461));
#1393=SURFACE_SIDE_STYLE('',(#1462));
#1394=SURFACE_SIDE_STYLE('',(#1463));
#1395=SURFACE_SIDE_STYLE('',(#1464));
#1396=SURFACE_SIDE_STYLE('',(#1465));
#1397=SURFACE_SIDE_STYLE('',(#1466));
#1398=SURFACE_SIDE_STYLE('',(#1467));
#1399=SURFACE_SIDE_STYLE('',(#1468));
#1400=SURFACE_SIDE_STYLE('',(#1469));
#1401=SURFACE_SIDE_STYLE('',(#1470));
#1402=SURFACE_SIDE_STYLE('',(#1471));
#1403=SURFACE_SIDE_STYLE('',(#1472));
#1404=SURFACE_SIDE_STYLE('',(#1473));
#1405=SURFACE_SIDE_STYLE('',(#1474));
#1406=SURFACE_SIDE_STYLE('',(#1475));
#1407=SURFACE_SIDE_STYLE('',(#1476));
#1408=SURFACE_SIDE_STYLE('',(#1477));
#1409=SURFACE_SIDE_STYLE('',(#1478));
#1410=SURFACE_SIDE_STYLE('',(#1479));
#1411=SURFACE_SIDE_STYLE('',(#1480));
#1412=SURFACE_SIDE_STYLE('',(#1481));
#1413=SURFACE_SIDE_STYLE('',(#1482));
#1414=SURFACE_SIDE_STYLE('',(#1483));
#1415=SURFACE_SIDE_STYLE('',(#1484));
#1416=SURFACE_SIDE_STYLE('',(#1485));
#1417=SURFACE_SIDE_STYLE('',(#1486));
#1418=SURFACE_SIDE_STYLE('',(#1487));
#1419=SURFACE_SIDE_STYLE('',(#1488));
#1420=SURFACE_SIDE_STYLE('',(#1489));
#1421=SURFACE_SIDE_STYLE('',(#1490));
#1422=SURFACE_SIDE_STYLE('',(#1491));
#1423=SURFACE_SIDE_STYLE('',(#1492));
#1424=SURFACE_SIDE_STYLE('',(#1493));
#1425=SURFACE_SIDE_STYLE('',(#1494));
#1426=SURFACE_SIDE_STYLE('',(#1495));
#1427=SURFACE_SIDE_STYLE('',(#1496));
#1428=SURFACE_SIDE_STYLE('',(#1497));
#1429=SURFACE_SIDE_STYLE('',(#1498));
#1430=SURFACE_SIDE_STYLE('',(#1499));
#1431=SURFACE_SIDE_STYLE('',(#1500));
#1432=SURFACE_SIDE_STYLE('',(#1501));
#1433=SURFACE_SIDE_STYLE('',(#1502));
#1434=SURFACE_SIDE_STYLE('',(#1503));
#1435=SURFACE_SIDE_STYLE('',(#1504));
#1436=SURFACE_SIDE_STYLE('',(#1505));
#1437=SURFACE_SIDE_STYLE('',(#1506));
#1438=SURFACE_SIDE_STYLE('',(#1507));
#1439=SURFACE_SIDE_STYLE('',(#1508));
#1440=SURFACE_SIDE_STYLE('',(#1509));
#1441=SURFACE_SIDE_STYLE('',(#1510));
#1442=SURFACE_STYLE_FILL_AREA(#1511);
#1443=SURFACE_STYLE_FILL_AREA(#1512);
#1444=SURFACE_STYLE_FILL_AREA(#1513);
#1445=SURFACE_STYLE_FILL_AREA(#1514);
#1446=SURFACE_STYLE_FILL_AREA(#1515);
#1447=SURFACE_STYLE_FILL_AREA(#1516);
#1448=SURFACE_STYLE_FILL_AREA(#1517);
#1449=SURFACE_STYLE_FILL_AREA(#1518);
#1450=SURFACE_STYLE_FILL_AREA(#1519);
#1451=SURFACE_STYLE_FILL_AREA(#1520);
#1452=SURFACE_STYLE_FILL_AREA(#1521);
#1453=SURFACE_STYLE_FILL_AREA(#1522);
#1454=SURFACE_STYLE_FILL_AREA(#1523);
#1455=SURFACE_STYLE_FILL_AREA(#1524);
#1456=SURFACE_STYLE_FILL_AREA(#1525);
#1457=SURFACE_STYLE_FILL_AREA(#1526);
#1458=SURFACE_STYLE_FILL_AREA(#1527);
#1459=SURFACE_STYLE_FILL_AREA(#1528);
#1460=SURFACE_STYLE_FILL_AREA(#1529);
#1461=SURFACE_STYLE_FILL_AREA(#1530);
#1462=SURFACE_STYLE_FILL_AREA(#1531);
#1463=SURFACE_STYLE_FILL_AREA(#1532);
#1464=SURFACE_STYLE_FILL_AREA(#1533);
#1465=SURFACE_STYLE_FILL_AREA(#1534);
#1466=SURFACE_STYLE_FILL_AREA(#1535);
#1467=SURFACE_STYLE_FILL_AREA(#1536);
#1468=SURFACE_STYLE_FILL_AREA(#1537);
#1469=SURFACE_STYLE_FILL_AREA(#1538);
#1470=SURFACE_STYLE_FILL_AREA(#1539);
#1471=SURFACE_STYLE_FILL_AREA(#1540);
#1472=SURFACE_STYLE_FILL_AREA(#1541);
#1473=SURFACE_STYLE_FILL_AREA(#1542);
#1474=SURFACE_STYLE_FILL_AREA(#1543);
#1475=SURFACE_STYLE_FILL_AREA(#1544);
#1476=SURFACE_STYLE_FILL_AREA(#1545);
#1477=SURFACE_STYLE_FILL_AREA(#1546);
#1478=SURFACE_STYLE_FILL_AREA(#1547);
#1479=SURFACE_STYLE_FILL_AREA(#1548);
#1480=SURFACE_STYLE_FILL_AREA(#1549);
#1481=SURFACE_STYLE_FILL_AREA(#1550);
#1482=SURFACE_STYLE_FILL_AREA(#1551);
#1483=SURFACE_STYLE_FILL_AREA(#1552);
#1484=SURFACE_STYLE_FILL_AREA(#1553);
#1485=SURFACE_STYLE_FILL_AREA(#1554);
#1486=SURFACE_STYLE_FILL_AREA(#1555);
#1487=SURFACE_STYLE_FILL_AREA(#1556);
#1488=SURFACE_STYLE_FILL_AREA(#1557);
#1489=SURFACE_STYLE_FILL_AREA(#1558);
#1490=SURFACE_STYLE_FILL_AREA(#1559);
#1491=SURFACE_STYLE_FILL_AREA(#1560);
#1492=SURFACE_STYLE_FILL_AREA(#1561);
#1493=SURFACE_STYLE_FILL_AREA(#1562);
#1494=SURFACE_STYLE_FILL_AREA(#1563);
#1495=SURFACE_STYLE_FILL_AREA(#1564);
#1496=SURFACE_STYLE_FILL_AREA(#1565);
#1497=SURFACE_STYLE_FILL_AREA(#1566);
#1498=SURFACE_STYLE_FILL_AREA(#1567);
#1499=SURFACE_STYLE_FILL_AREA(#1568);
#1500=SURFACE_STYLE_FILL_AREA(#1569);
#1501=SURFACE_STYLE_FILL_AREA(#1570);
#1502=SURFACE_STYLE_FILL_AREA(#1571);
#1503=SURFACE_STYLE_FILL_AREA(#1572);
#1504=SURFACE_STYLE_FILL_AREA(#1573);
#1505=SURFACE_STYLE_FILL_AREA(#1574);
#1506=SURFACE_STYLE_FILL_AREA(#1575);
#1507=SURFACE_STYLE_FILL_AREA(#1576);
#1508=SURFACE_STYLE_FILL_AREA(#1577);
#1509=SURFACE_STYLE_FILL_AREA(#1578);
#1510=SURFACE_STYLE_FILL_AREA(#1579);
#1511=FILL_AREA_STYLE('',(#1580));
#1512=FILL_AREA_STYLE('',(#1581));
#1513=FILL_AREA_STYLE('',(#1582));
#1514=FILL_AREA_STYLE('',(#1583));
#1515=FILL_AREA_STYLE('',(#1584));
#1516=FILL_AREA_STYLE('',(#1585));
#1517=FILL_AREA_STYLE('',(#1586));
#1518=FILL_AREA_STYLE('',(#1587));
#1519=FILL_AREA_STYLE('',(#1588));
#1520=FILL_AREA_STYLE('',(#1589));
#1521=FILL_AREA_STYLE('',(#1590));
#1522=FILL_AREA_STYLE('',(#1591));
#1523=FILL_AREA_STYLE('',(#1592));
#1524=FILL_AREA_STYLE('',(#1593));
#1525=FILL_AREA_STYLE('',(#1594));
#1526=FILL_AREA_STYLE('',(#1595));
#1527=FILL_AREA_STYLE('',(#1596));
#1528=FILL_AREA_STYLE('',(#1597));
#1529=FILL_AREA_STYLE('',(#1598));
#1530=FILL_AREA_STYLE('',(#1599));
#1531=FILL_AREA_STYLE('',(#1600));
#1532=FILL_AREA_STYLE('',(#1601));
#1533=FILL_AREA_STYLE('',(#1602));
#1534=FILL_AREA_STYLE('',(#1603));
#1535=FILL_AREA_STYLE('',(#1604));
#1536=FILL_AREA_STYLE('',(#1605));
#1537=FILL_AREA_STYLE('',(#1606));
#1538=FILL_AREA_STYLE('',(#1607));
#1539=FILL_AREA_STYLE('',(#1608));
#1540=FILL_AREA_STYLE('',(#1609));
#1541=FILL_AREA_STYLE('',(#1610));
#1542=FILL_AREA_STYLE('',(#1611));
#1543=FILL_AREA_STYLE('',(#1612));
#1544=FILL_AREA_STYLE('',(#1613));
#1545=FILL_AREA_STYLE('',(#1614));
#1546=FILL_AREA_STYLE('',(#1615));
#1547=FILL_AREA_STYLE('',(#1616));
#1548=FILL_AREA_STYLE('',(#1617));
#1549=FILL_AREA_STYLE('',(#1618));
#1550=FILL_AREA_STYLE('',(#1619));
#1551=FILL_AREA_STYLE('',(#1620));
#1552=FILL_AREA_STYLE('',(#1621));
#1553=FILL_AREA_STYLE('',(#1622));
#1554=FILL_AREA_STYLE('',(#1623));
#1555=FILL_AREA_STYLE('',(#1624));
#1556=FILL_AREA_STYLE('',(#1625));
#1557=FILL_AREA_STYLE('',(#1626));
#1558=FILL_AREA_STYLE('',(#1627));
#1559=FILL_AREA_STYLE('',(#1628));
#1560=FILL_AREA_STYLE('',(#1629));
#1561=FILL_AREA_STYLE('',(#1630));
#1562=FILL_AREA_STYLE('',(#1631));
#1563=FILL_AREA_STYLE('',(#1632));
#1564=FILL_AREA_STYLE('',(#1633));
#1565=FILL_AREA_STYLE('',(#1634));
#1566=FILL_AREA_STYLE('',(#1635));
#1567=FILL_AREA_STYLE('',(#1636));
#1568=FILL_AREA_STYLE('',(#1637));
#1569=FILL_AREA_STYLE('',(#1638));
#1570=FILL_AREA_STYLE('',(#1639));
#1571=FILL_AREA_STYLE('',(#1640));
#1572=FILL_AREA_STYLE('',(#1641));
#1573=FILL_AREA_STYLE('',(#1642));
#1574=FILL_AREA_STYLE('',(#1643));
#1575=FILL_AREA_STYLE('',(#1644));
#1576=FILL_AREA_STYLE('',(#1645));
#1577=FILL_AREA_STYLE('',(#1646));
#1578=FILL_AREA_STYLE('',(#1647));
#1579=FILL_AREA_STYLE('',(#1648));
#1580=FILL_AREA_STYLE_COLOUR('',#1649);
#1581=FILL_AREA_STYLE_COLOUR('',#1650);
#1582=FILL_AREA_STYLE_COLOUR('',#1650);
#1583=FILL_AREA_STYLE_COLOUR('',#1650);
#1584=FILL_AREA_STYLE_COLOUR('',#1649);
#1585=FILL_AREA_STYLE_COLOUR('',#1650);
#1586=FILL_AREA_STYLE_COLOUR('',#1650);
#1587=FILL_AREA_STYLE_COLOUR('',#1650);
#1588=FILL_AREA_STYLE_COLOUR('',#1649);
#1589=FILL_AREA_STYLE_COLOUR('',#1649);
#1590=FILL_AREA_STYLE_COLOUR('',#1649);
#1591=FILL_AREA_STYLE_COLOUR('',#1649);
#1592=FILL_AREA_STYLE_COLOUR('',#1651);
#1593=FILL_AREA_STYLE_COLOUR('',#1651);
#1594=FILL_AREA_STYLE_COLOUR('',#1650);
#1595=FILL_AREA_STYLE_COLOUR('',#1650);
#1596=FILL_AREA_STYLE_COLOUR('',#1651);
#1597=FILL_AREA_STYLE_COLOUR('',#1651);
#1598=FILL_AREA_STYLE_COLOUR('',#1651);
#1599=FILL_AREA_STYLE_COLOUR('',#1651);
#1600=FILL_AREA_STYLE_COLOUR('',#1649);
#1601=FILL_AREA_STYLE_COLOUR('',#1649);
#1602=FILL_AREA_STYLE_COLOUR('',#1649);
#1603=FILL_AREA_STYLE_COLOUR('',#1649);
#1604=FILL_AREA_STYLE_COLOUR('',#34);
#1605=FILL_AREA_STYLE_COLOUR('',#1649);
#1606=FILL_AREA_STYLE_COLOUR('',#1649);
#1607=FILL_AREA_STYLE_COLOUR('',#1649);
#1608=FILL_AREA_STYLE_COLOUR('',#1649);
#1609=FILL_AREA_STYLE_COLOUR('',#34);
#1610=FILL_AREA_STYLE_COLOUR('',#1649);
#1611=FILL_AREA_STYLE_COLOUR('',#1649);
#1612=FILL_AREA_STYLE_COLOUR('',#1649);
#1613=FILL_AREA_STYLE_COLOUR('',#1649);
#1614=FILL_AREA_STYLE_COLOUR('',#34);
#1615=FILL_AREA_STYLE_COLOUR('',#1649);
#1616=FILL_AREA_STYLE_COLOUR('',#1649);
#1617=FILL_AREA_STYLE_COLOUR('',#1649);
#1618=FILL_AREA_STYLE_COLOUR('',#1649);
#1619=FILL_AREA_STYLE_COLOUR('',#1649);
#1620=FILL_AREA_STYLE_COLOUR('',#1649);
#1621=FILL_AREA_STYLE_COLOUR('',#1649);
#1622=FILL_AREA_STYLE_COLOUR('',#34);
#1623=FILL_AREA_STYLE_COLOUR('',#1649);
#1624=FILL_AREA_STYLE_COLOUR('',#1649);
#1625=FILL_AREA_STYLE_COLOUR('',#1649);
#1626=FILL_AREA_STYLE_COLOUR('',#1649);
#1627=FILL_AREA_STYLE_COLOUR('',#1649);
#1628=FILL_AREA_STYLE_COLOUR('',#1649);
#1629=FILL_AREA_STYLE_COLOUR('',#1649);
#1630=FILL_AREA_STYLE_COLOUR('',#1649);
#1631=FILL_AREA_STYLE_COLOUR('',#1649);
#1632=FILL_AREA_STYLE_COLOUR('',#34);
#1633=FILL_AREA_STYLE_COLOUR('',#1649);
#1634=FILL_AREA_STYLE_COLOUR('',#1649);
#1635=FILL_AREA_STYLE_COLOUR('',#1649);
#1636=FILL_AREA_STYLE_COLOUR('',#1649);
#1637=FILL_AREA_STYLE_COLOUR('',#1649);
#1638=FILL_AREA_STYLE_COLOUR('',#1649);
#1639=FILL_AREA_STYLE_COLOUR('',#1649);
#1640=FILL_AREA_STYLE_COLOUR('',#1649);
#1641=FILL_AREA_STYLE_COLOUR('',#1649);
#1642=FILL_AREA_STYLE_COLOUR('',#1649);
#1643=FILL_AREA_STYLE_COLOUR('',#1649);
#1644=FILL_AREA_STYLE_COLOUR('',#1649);
#1645=FILL_AREA_STYLE_COLOUR('',#1649);
#1646=FILL_AREA_STYLE_COLOUR('',#1649);
#1647=FILL_AREA_STYLE_COLOUR('',#1649);
#1648=FILL_AREA_STYLE_COLOUR('',#1649);
#1649=COLOUR_RGB('',0.200000002980232,0.200000002980232,0.200000002980232);
#1650=COLOUR_RGB('',0.699999988079071,0.699999988079071,0.699999988079071);
#1651=COLOUR_RGB('',0.506983280181885,0.531564235687256,0.550000011920929);
#1652=ADVANCED_FACE('',(#1047,#1048,#1049,#1050,#1051,#1052),#1123,.T.);
#1653=ADVANCED_FACE('',(#1053),#1124,.F.);
#1654=ADVANCED_FACE('',(#1054),#1125,.F.);
#1655=ADVANCED_FACE('',(#1055),#1126,.T.);
#1656=ADVANCED_FACE('',(#1056),#1127,.T.);
#1657=ADVANCED_FACE('',(#1057),#1128,.T.);
#1658=ADVANCED_FACE('',(#1058),#1129,.T.);
#1659=ADVANCED_FACE('',(#1059),#1130,.F.);
#1660=ADVANCED_FACE('',(#1060),#1131,.T.);
#1661=ADVANCED_FACE('',(#1061),#1132,.T.);
#1662=ADVANCED_FACE('',(#1062),#1133,.T.);
#1663=ADVANCED_FACE('',(#1063,#1064,#1065),#1134,.F.);
#1664=ADVANCED_FACE('',(#1066),#1135,.T.);
#1665=ADVANCED_FACE('',(#1067),#1136,.F.);
#1666=ADVANCED_FACE('',(#1068),#1137,.T.);
#1667=ADVANCED_FACE('',(#1069),#1138,.F.);
#1668=ADVANCED_FACE('',(#1070),#35,.T.);
#1669=ADVANCED_FACE('',(#1071),#36,.T.);
#1670=ADVANCED_FACE('',(#1072),#37,.T.);
#1671=ADVANCED_FACE('',(#1073),#38,.T.);
#1672=ADVANCED_FACE('',(#1074),#39,.T.);
#1673=ADVANCED_FACE('',(#1075),#40,.T.);
#1674=ADVANCED_FACE('',(#1076),#41,.T.);
#1675=ADVANCED_FACE('',(#1077),#42,.T.);
#1676=ADVANCED_FACE('',(#1078),#1139,.F.);
#1677=ADVANCED_FACE('',(#1079),#1140,.T.);
#1678=ADVANCED_FACE('',(#1080),#24,.T.);
#1679=ADVANCED_FACE('',(#1081),#1141,.T.);
#1680=ADVANCED_FACE('',(#1082),#25,.T.);
#1681=ADVANCED_FACE('',(#1083),#1142,.T.);
#1682=ADVANCED_FACE('',(#1084),#1143,.F.);
#1683=ADVANCED_FACE('',(#1085),#1144,.F.);
#1684=ADVANCED_FACE('',(#1086),#1145,.F.);
#1685=ADVANCED_FACE('',(#1087),#1146,.F.);
#1686=ADVANCED_FACE('',(#1088),#1147,.F.);
#1687=ADVANCED_FACE('',(#1089),#1148,.T.);
#1688=ADVANCED_FACE('',(#1090),#1149,.T.);
#1689=ADVANCED_FACE('',(#1091),#1150,.T.);
#1690=ADVANCED_FACE('',(#1092),#1151,.T.);
#1691=ADVANCED_FACE('',(#1093),#1152,.T.);
#1692=ADVANCED_FACE('',(#1094),#1153,.T.);
#1693=ADVANCED_FACE('',(#1095),#1154,.T.);
#1694=ADVANCED_FACE('',(#1096),#1155,.T.);
#1695=ADVANCED_FACE('',(#1097),#1156,.T.);
#1696=ADVANCED_FACE('',(#1098),#26,.T.);
#1697=ADVANCED_FACE('',(#1099),#27,.T.);
#1698=ADVANCED_FACE('',(#1100),#1157,.T.);
#1699=ADVANCED_FACE('',(#1101),#28,.T.);
#1700=ADVANCED_FACE('',(#1102),#1158,.T.);
#1701=ADVANCED_FACE('',(#1103),#1159,.T.);
#1702=ADVANCED_FACE('',(#1104),#1160,.T.);
#1703=ADVANCED_FACE('',(#1105),#1161,.T.);
#1704=ADVANCED_FACE('',(#1106),#1162,.T.);
#1705=ADVANCED_FACE('',(#1107),#29,.T.);
#1706=ADVANCED_FACE('',(#1108),#30,.T.);
#1707=ADVANCED_FACE('',(#1109),#1163,.T.);
#1708=ADVANCED_FACE('',(#1110),#31,.T.);
#1709=ADVANCED_FACE('',(#1111),#1164,.T.);
#1710=ADVANCED_FACE('',(#1112),#32,.T.);
#1711=ADVANCED_FACE('',(#1113),#1165,.T.);
#1712=ADVANCED_FACE('',(#1114),#33,.T.);
#1713=ADVANCED_FACE('',(#1115),#43,.T.);
#1714=ADVANCED_FACE('',(#1116),#20,.T.);
#1715=ADVANCED_FACE('',(#1117),#21,.T.);
#1716=ADVANCED_FACE('',(#1118),#44,.T.);
#1717=ADVANCED_FACE('',(#1119),#45,.T.);
#1718=ADVANCED_FACE('',(#1120),#22,.T.);
#1719=ADVANCED_FACE('',(#1121),#23,.T.);
#1720=ADVANCED_FACE('',(#1122),#46,.T.);
#1721=CLOSED_SHELL('',(#1652,#1653,#1654,#1655,#1656,#1657,#1658,#1659,
#1660,#1661,#1662,#1663,#1664,#1665,#1666,#1667,#1668,#1669,#1670,#1671,
#1672,#1673,#1674,#1675,#1676,#1677,#1678,#1679,#1680,#1681,#1682,#1683,
#1684,#1685,#1686,#1687,#1688,#1689,#1690,#1691,#1692,#1693,#1694,#1695,
#1696,#1697,#1698,#1699,#1700,#1701,#1702,#1703,#1704,#1705,#1706,#1707,
#1708,#1709,#1710,#1711,#1712,#1713,#1714,#1715,#1716,#1717,#1718,#1719,
#1720));
#1722=MANIFOLD_SOLID_BREP('',#1721);
#1723=SHAPE_DEFINITION_REPRESENTATION(#2917,#1724);
#1724=SHAPE_REPRESENTATION('XAL4040-153MEC',(#1725),#2912);
#1725=AXIS2_PLACEMENT_3D('',#2113,#1813,#1814);
#1726=AXIS2_PLACEMENT_3D('',#2114,#1815,#1816);
#1727=AXIS2_PLACEMENT_3D('',#2115,#1817,#1818);
#1728=AXIS2_PLACEMENT_3D('',#2120,#1820,#1821);
#1729=AXIS2_PLACEMENT_3D('',#2124,#1823,#1824);
#1730=AXIS2_PLACEMENT_3D('',#2128,#1826,#1827);
#1731=AXIS2_PLACEMENT_3D('',#2338,#1851,#1852);
#1732=AXIS2_PLACEMENT_3D('',#2347,#1857,#1858);
#1733=AXIS2_PLACEMENT_3D('',#2356,#1863,#1864);
#1734=AXIS2_PLACEMENT_3D('',#2360,#1866,#1867);
#1735=AXIS2_PLACEMENT_3D('',#2361,#1868,#1869);
#1736=AXIS2_PLACEMENT_3D('',#2366,#1872,#1873);
#1737=AXIS2_PLACEMENT_3D('',#2375,#1878,#1879);
#1738=AXIS2_PLACEMENT_3D('',#2376,#1880,#1881);
#1739=AXIS2_PLACEMENT_3D('',#2384,#1885,#1886);
#1740=AXIS2_PLACEMENT_3D('',#2385,#1887,#1888);
#1741=AXIS2_PLACEMENT_3D('',#2389,#1890,#1891);
#1742=AXIS2_PLACEMENT_3D('',#2390,#1892,#1893);
#1743=AXIS2_PLACEMENT_3D('',#2395,#1896,#1897);
#1744=AXIS2_PLACEMENT_3D('',#2396,#1898,#1899);
#1745=AXIS2_PLACEMENT_3D('',#2404,#1903,#1904);
#1746=AXIS2_PLACEMENT_3D('',#2405,#1905,#1906);
#1747=AXIS2_PLACEMENT_3D('',#2414,#1911,#1912);
#1748=AXIS2_PLACEMENT_3D('',#2423,#1917,#1918);
#1749=AXIS2_PLACEMENT_3D('',#2432,#1923,#1924);
#1750=AXIS2_PLACEMENT_3D('',#2437,#1929,#1930);
#1751=AXIS2_PLACEMENT_3D('',#2438,#1931,#1932);
#1752=AXIS2_PLACEMENT_3D('',#2439,#1933,#1934);
#1753=AXIS2_PLACEMENT_3D('',#2440,#1935,#1936);
#1754=AXIS2_PLACEMENT_3D('',#2441,#1937,#1938);
#1755=AXIS2_PLACEMENT_3D('',#2443,#1940,#1941);
#1756=AXIS2_PLACEMENT_3D('',#2445,#1943,#1944);
#1757=AXIS2_PLACEMENT_3D('',#2447,#1946,#1947);
#1758=AXIS2_PLACEMENT_3D('',#2449,#1949,#1950);
#1759=AXIS2_PLACEMENT_3D('',#2450,#1951,#1952);
#1760=AXIS2_PLACEMENT_3D('',#2451,#1953,#1954);
#1761=AXIS2_PLACEMENT_3D('',#2452,#1955,#1956);
#1762=AXIS2_PLACEMENT_3D('',#2453,#1957,#1958);
#1763=AXIS2_PLACEMENT_3D('',#2454,#1959,#1960);
#1764=AXIS2_PLACEMENT_3D('',#2455,#1961,#1962);
#1765=AXIS2_PLACEMENT_3D('',#2456,#1963,#1964);
#1766=AXIS2_PLACEMENT_3D('',#2457,#1965,#1966);
#1767=AXIS2_PLACEMENT_3D('',#2458,#1967,#1968);
#1768=AXIS2_PLACEMENT_3D('',#2459,#1969,#1970);
#1769=AXIS2_PLACEMENT_3D('',#2460,#1971,#1972);
#1770=AXIS2_PLACEMENT_3D('',#2461,#1973,#1974);
#1771=AXIS2_PLACEMENT_3D('',#2512,#1977,#1978);
#1772=AXIS2_PLACEMENT_3D('',#2542,#1982,#1983);
#1773=AXIS2_PLACEMENT_3D('',#2576,#1985,#1986);
#1774=AXIS2_PLACEMENT_3D('',#2585,#1991,#1992);
#1775=AXIS2_PLACEMENT_3D('',#2588,#1995,#1996);
#1776=AXIS2_PLACEMENT_3D('',#2590,#1998,#1999);
#1777=AXIS2_PLACEMENT_3D('',#2592,#2001,#2002);
#1778=AXIS2_PLACEMENT_3D('',#2593,#2003,#2004);
#1779=AXIS2_PLACEMENT_3D('',#2608,#2012,#2013);
#1780=AXIS2_PLACEMENT_3D('',#2611,#2016,#2017);
#1781=AXIS2_PLACEMENT_3D('',#2613,#2019,#2020);
#1782=AXIS2_PLACEMENT_3D('',#2615,#2022,#2023);
#1783=AXIS2_PLACEMENT_3D('',#2617,#2025,#2026);
#1784=AXIS2_PLACEMENT_3D('',#2619,#2028,#2029);
#1785=AXIS2_PLACEMENT_3D('',#2621,#2031,#2032);
#1786=AXIS2_PLACEMENT_3D('',#2622,#2033,#2034);
#1787=AXIS2_PLACEMENT_3D('',#2676,#2041,#2042);
#1788=AXIS2_PLACEMENT_3D('',#2703,#2047,#2048);
#1789=AXIS2_PLACEMENT_3D('',#2722,#2051,#2052);
#1790=AXIS2_PLACEMENT_3D('',#2724,#2054,#2055);
#1791=AXIS2_PLACEMENT_3D('',#2726,#2057,#2058);
#1792=AXIS2_PLACEMENT_3D('',#2728,#2060,#2061);
#1793=AXIS2_PLACEMENT_3D('',#2729,#2062,#2063);
#1794=AXIS2_PLACEMENT_3D('',#2835,#2070,#2071);
#1795=AXIS2_PLACEMENT_3D('',#2852,#2074,#2075);
#1796=AXIS2_PLACEMENT_3D('',#2875,#2078,#2079);
#1797=AXIS2_PLACEMENT_3D('',#2895,#2081,#2082);
#1798=AXIS2_PLACEMENT_3D('',#2896,#2083,#2084);
#1799=AXIS2_PLACEMENT_3D('',#2897,#2085,#2086);
#1800=AXIS2_PLACEMENT_3D('',#2898,#2087,#2088);
#1801=AXIS2_PLACEMENT_3D('',#2899,#2089,#2090);
#1802=AXIS2_PLACEMENT_3D('',#2900,#2091,#2092);
#1803=AXIS2_PLACEMENT_3D('',#2901,#2093,#2094);
#1804=AXIS2_PLACEMENT_3D('',#2902,#2095,#2096);
#1805=AXIS2_PLACEMENT_3D('',#2903,#2097,#2098);
#1806=AXIS2_PLACEMENT_3D('',#2904,#2099,#2100);
#1807=AXIS2_PLACEMENT_3D('',#2905,#2101,#2102);
#1808=AXIS2_PLACEMENT_3D('',#2906,#2103,#2104);
#1809=AXIS2_PLACEMENT_3D('',#2907,#2105,#2106);
#1810=AXIS2_PLACEMENT_3D('',#2908,#2107,#2108);
#1811=AXIS2_PLACEMENT_3D('',#2909,#2109,#2110);
#1812=AXIS2_PLACEMENT_3D('',#2910,#2111,#2112);
#1813=DIRECTION('',(0.,0.,1.));
#1814=DIRECTION('',(1.,0.,0.));
#1815=DIRECTION('',(0.,0.,1.));
#1816=DIRECTION('',(1.,0.,0.));
#1817=DIRECTION('',(0.,0.,1.));
#1818=DIRECTION('',(1.,0.,0.));
#1819=DIRECTION('',(-1.,0.,0.));
#1820=DIRECTION('',(0.,0.,1.));
#1821=DIRECTION('',(1.,0.,0.));
#1822=DIRECTION('',(0.,-1.,0.));
#1823=DIRECTION('',(0.,0.,1.));
#1824=DIRECTION('',(1.,0.,0.));
#1825=DIRECTION('',(1.,0.,0.));
#1826=DIRECTION('',(0.,0.,1.));
#1827=DIRECTION('',(1.,0.,0.));
#1828=DIRECTION('',(0.,1.,0.));
#1829=DIRECTION('',(0.,1.,0.));
#1830=DIRECTION('',(1.,0.,0.));
#1831=DIRECTION('',(0.,-1.,0.));
#1832=DIRECTION('',(-1.,0.,0.));
#1833=DIRECTION('',(-0.809885109582756,0.5865885349,0.));
#1834=DIRECTION('',(0.,-1.,0.));
#1835=DIRECTION('',(0.606426454651622,0.795139582148106,0.));
#1836=DIRECTION('',(1.,0.,0.));
#1837=DIRECTION('',(0.,-1.,0.));
#1838=DIRECTION('',(-0.999944602941541,0.0105257326625392,0.));
#1839=DIRECTION('',(0.,1.,0.));
#1840=DIRECTION('',(-0.614984882492204,-0.788538898410249,0.));
#1841=DIRECTION('',(-1.,0.,0.));
#1842=DIRECTION('',(-1.,0.,0.));
#1843=DIRECTION('',(0.,-1.,0.));
#1844=DIRECTION('',(0.,1.,0.));
#1845=DIRECTION('',(0.,1.,0.));
#1846=DIRECTION('',(1.,0.,0.));
#1847=DIRECTION('',(0.,-1.,0.));
#1848=DIRECTION('',(0.,1.,0.));
#1849=DIRECTION('',(0.,1.,0.));
#1850=DIRECTION('',(0.,1.,0.));
#1851=DIRECTION('',(0.,0.,1.));
#1852=DIRECTION('',(1.,0.,0.));
#1853=DIRECTION('',(1.,0.,0.));
#1854=DIRECTION('',(0.,-1.,0.));
#1855=DIRECTION('',(1.,0.,0.));
#1856=DIRECTION('',(0.,-1.,0.));
#1857=DIRECTION('',(0.,0.,1.));
#1858=DIRECTION('',(1.,0.,0.));
#1859=DIRECTION('',(1.,0.,0.));
#1860=DIRECTION('',(0.,-1.,0.));
#1861=DIRECTION('',(1.,0.,0.));
#1862=DIRECTION('',(0.,-1.,0.));
#1863=DIRECTION('',(0.,-1.,0.));
#1864=DIRECTION('',(0.,0.,-1.));
#1865=DIRECTION('',(-1.73472347597681E-15,0.,1.));
#1866=DIRECTION('',(0.,-1.,0.));
#1867=DIRECTION('',(0.,0.,-1.));
#1868=DIRECTION('',(0.,-1.,0.));
#1869=DIRECTION('',(0.,0.,-1.));
#1870=DIRECTION('',(1.73472347597681E-15,0.,1.));
#1871=DIRECTION('',(1.,0.,0.));
#1872=DIRECTION('',(-1.,0.,0.));
#1873=DIRECTION('',(0.,0.,1.));
#1874=DIRECTION('',(0.,0.,1.));
#1875=DIRECTION('',(0.,-1.,0.));
#1876=DIRECTION('',(0.,0.,1.));
#1877=DIRECTION('',(0.,-1.,0.));
#1878=DIRECTION('',(0.,1.,-8.67361737988403E-16));
#1879=DIRECTION('',(0.,8.67361737988403E-16,1.));
#1880=DIRECTION('',(0.,1.,-8.67361737988403E-16));
#1881=DIRECTION('',(0.,8.67361737988403E-16,1.));
#1882=DIRECTION('',(1.73472347597681E-15,-8.67361737988403E-16,-1.));
#1883=DIRECTION('',(1.,0.,0.));
#1884=DIRECTION('',(-1.73472347597681E-15,-8.67361737988403E-16,-1.));
#1885=DIRECTION('',(0.,1.,-8.67361737988403E-16));
#1886=DIRECTION('',(0.,8.67361737988403E-16,1.));
#1887=DIRECTION('',(0.,-1.,0.));
#1888=DIRECTION('',(0.,0.,-1.));
#1889=DIRECTION('',(-1.73472347597681E-15,0.,1.));
#1890=DIRECTION('',(0.,-1.,0.));
#1891=DIRECTION('',(0.,0.,-1.));
#1892=DIRECTION('',(0.,-1.,0.));
#1893=DIRECTION('',(0.,0.,-1.));
#1894=DIRECTION('',(1.73472347597681E-15,0.,1.));
#1895=DIRECTION('',(1.,0.,0.));
#1896=DIRECTION('',(0.,-1.,0.));
#1897=DIRECTION('',(0.,0.,-1.));
#1898=DIRECTION('',(0.,-1.,0.));
#1899=DIRECTION('',(0.,0.,-1.));
#1900=DIRECTION('',(-1.73472347597681E-15,0.,1.));
#1901=DIRECTION('',(1.,0.,0.));
#1902=DIRECTION('',(1.73472347597681E-15,0.,1.));
#1903=DIRECTION('',(0.,-1.,0.));
#1904=DIRECTION('',(0.,0.,-1.));
#1905=DIRECTION('',(0.,-1.,0.));
#1906=DIRECTION('',(0.,0.,-1.));
#1907=DIRECTION('',(0.,0.,1.));
#1908=DIRECTION('',(1.,0.,0.));
#1909=DIRECTION('',(0.,0.,1.));
#1910=DIRECTION('',(1.,0.,0.));
#1911=DIRECTION('',(1.,0.,0.));
#1912=DIRECTION('',(0.,0.,-1.));
#1913=DIRECTION('',(0.,0.,1.));
#1914=DIRECTION('',(0.,1.,0.));
#1915=DIRECTION('',(0.,0.,1.));
#1916=DIRECTION('',(0.,-1.,0.));
#1917=DIRECTION('',(0.,1.,0.));
#1918=DIRECTION('',(0.,0.,1.));
#1919=DIRECTION('',(0.,0.,1.));
#1920=DIRECTION('',(-1.,0.,0.));
#1921=DIRECTION('',(0.,0.,1.));
#1922=DIRECTION('',(1.,0.,0.));
#1923=DIRECTION('',(0.,0.,1.));
#1924=DIRECTION('',(1.,0.,0.));
#1925=DIRECTION('',(0.,-1.,0.));
#1926=DIRECTION('',(0.,-1.,0.));
#1927=DIRECTION('',(0.,-1.,0.));
#1928=DIRECTION('',(0.,-1.,0.));
#1929=DIRECTION('',(0.,0.,1.));
#1930=DIRECTION('',(1.,0.,0.));
#1931=DIRECTION('',(0.,0.,1.));
#1932=DIRECTION('',(1.,0.,0.));
#1933=DIRECTION('',(0.,0.,1.));
#1934=DIRECTION('',(1.,0.,0.));
#1935=DIRECTION('',(0.,0.,1.));
#1936=DIRECTION('',(1.,0.,0.));
#1937=DIRECTION('',(1.,0.,-1.73472347597681E-15));
#1938=DIRECTION('',(-1.73472347597681E-15,0.,-1.));
#1939=DIRECTION('',(0.,-1.,0.));
#1940=DIRECTION('',(1.,0.,1.73472347597681E-15));
#1941=DIRECTION('',(1.73472347597681E-15,0.,-1.));
#1942=DIRECTION('',(0.,-1.,0.));
#1943=DIRECTION('',(1.,0.,-1.73472347597681E-15));
#1944=DIRECTION('',(-1.73472347597681E-15,0.,-1.));
#1945=DIRECTION('',(0.,-1.,0.));
#1946=DIRECTION('',(1.,0.,1.73472347597681E-15));
#1947=DIRECTION('',(1.73472347597681E-15,0.,-1.));
#1948=DIRECTION('',(0.,-1.,0.));
#1949=DIRECTION('',(0.,-1.,0.));
#1950=DIRECTION('',(0.,0.,-1.));
#1951=DIRECTION('',(0.,-1.,0.));
#1952=DIRECTION('',(0.,0.,-1.));
#1953=DIRECTION('',(0.,1.,0.));
#1954=DIRECTION('',(0.,0.,1.));
#1955=DIRECTION('',(0.,1.,0.));
#1956=DIRECTION('',(0.,0.,1.));
#1957=DIRECTION('',(0.,0.,1.));
#1958=DIRECTION('',(1.,0.,0.));
#1959=DIRECTION('',(0.,0.,1.));
#1960=DIRECTION('',(1.,0.,0.));
#1961=DIRECTION('',(0.,0.,1.));
#1962=DIRECTION('',(1.,0.,0.));
#1963=DIRECTION('',(0.,0.,1.));
#1964=DIRECTION('',(1.,0.,0.));
#1965=DIRECTION('',(0.,0.,1.));
#1966=DIRECTION('',(1.,0.,0.));
#1967=DIRECTION('',(0.,0.,1.));
#1968=DIRECTION('',(1.,0.,0.));
#1969=DIRECTION('',(0.,0.,1.));
#1970=DIRECTION('',(1.,0.,0.));
#1971=DIRECTION('',(0.,0.,1.));
#1972=DIRECTION('',(1.,0.,0.));
#1973=DIRECTION('',(0.,0.,-1.));
#1974=DIRECTION('',(-1.,0.,0.));
#1975=DIRECTION('',(-0.809885109582756,0.5865885349,0.));
#1976=DIRECTION('',(0.,-1.,0.));
#1977=DIRECTION('',(0.5865885349,0.809885109582756,0.));
#1978=DIRECTION('',(-0.809885109582756,0.5865885349,0.));
#1979=DIRECTION('',(0.,0.,1.));
#1980=DIRECTION('',(0.,0.,1.));
#1981=DIRECTION('',(0.,0.,1.));
#1982=DIRECTION('',(-1.,0.,0.));
#1983=DIRECTION('',(0.,0.,1.));
#1984=DIRECTION('',(0.,0.,1.));
#1985=DIRECTION('',(0.,0.,1.));
#1986=DIRECTION('',(1.,0.,0.));
#1987=DIRECTION('',(1.,0.,0.));
#1988=DIRECTION('',(0.,1.,0.));
#1989=DIRECTION('',(-1.,0.,0.));
#1990=DIRECTION('',(0.,-1.,0.));
#1991=DIRECTION('',(1.,0.,0.));
#1992=DIRECTION('',(0.,0.,-1.));
#1993=DIRECTION('',(0.,0.,1.));
#1994=DIRECTION('',(0.,0.,1.));
#1995=DIRECTION('',(0.,1.,0.));
#1996=DIRECTION('',(0.,0.,1.));
#1997=DIRECTION('',(0.,0.,1.));
#1998=DIRECTION('',(-1.,0.,0.));
#1999=DIRECTION('',(0.,0.,1.));
#2000=DIRECTION('',(0.,0.,1.));
#2001=DIRECTION('',(0.,-1.,0.));
#2002=DIRECTION('',(0.,0.,-1.));
#2003=DIRECTION('',(0.,0.,-1.));
#2004=DIRECTION('',(-1.,0.,0.));
#2005=DIRECTION('',(1.,0.,0.));
#2006=DIRECTION('',(0.606426454651622,0.795139582148106,0.));
#2007=DIRECTION('',(-1.,0.,0.));
#2008=DIRECTION('',(-0.614984882492204,-0.788538898410249,0.));
#2009=DIRECTION('',(0.,1.,0.));
#2010=DIRECTION('',(-0.999944602941541,0.0105257326625392,0.));
#2011=DIRECTION('',(0.,-1.,0.));
#2012=DIRECTION('',(0.,-1.,0.));
#2013=DIRECTION('',(0.,0.,-1.));
#2014=DIRECTION('',(0.,0.,1.));
#2015=DIRECTION('',(0.,0.,1.));
#2016=DIRECTION('',(-1.,0.,0.));
#2017=DIRECTION('',(0.,0.,1.));
#2018=DIRECTION('',(0.,0.,1.));
#2019=DIRECTION('',(0.0105257326625392,0.999944602941541,0.));
#2020=DIRECTION('',(-0.999944602941542,0.0105257326625392,0.));
#2021=DIRECTION('',(0.,0.,1.));
#2022=DIRECTION('',(1.,0.,0.));
#2023=DIRECTION('',(0.,0.,-1.));
#2024=DIRECTION('',(0.,0.,1.));
#2025=DIRECTION('',(-0.788538898410249,0.614984882492204,0.));
#2026=DIRECTION('',(-0.614984882492204,-0.788538898410249,0.));
#2027=DIRECTION('',(0.,0.,1.));
#2028=DIRECTION('',(0.,1.,0.));
#2029=DIRECTION('',(0.,0.,1.));
#2030=DIRECTION('',(0.,0.,1.));
#2031=DIRECTION('',(0.795139582148106,-0.606426454651622,0.));
#2032=DIRECTION('',(0.606426454651622,0.795139582148106,0.));
#2033=DIRECTION('',(0.,0.,1.));
#2034=DIRECTION('',(1.,0.,0.));
#2035=DIRECTION('',(0.,-1.,0.));
#2036=DIRECTION('',(-1.,0.,0.));
#2037=DIRECTION('',(0.,-1.,0.));
#2038=DIRECTION('',(1.,0.,0.));
#2039=DIRECTION('',(0.,1.,0.));
#2040=DIRECTION('',(0.,1.,0.));
#2041=DIRECTION('',(-1.,0.,0.));
#2042=DIRECTION('',(0.,0.,1.));
#2043=DIRECTION('',(0.,0.,1.));
#2044=DIRECTION('',(0.,0.,1.));
#2045=DIRECTION('',(0.,0.,1.));
#2046=DIRECTION('',(0.,0.,1.));
#2047=DIRECTION('',(1.,0.,0.));
#2048=DIRECTION('',(0.,0.,-1.));
#2049=DIRECTION('',(0.,0.,1.));
#2050=DIRECTION('',(0.,0.,1.));
#2051=DIRECTION('',(1.,0.,0.));
#2052=DIRECTION('',(0.,0.,-1.));
#2053=DIRECTION('',(0.,0.,1.));
#2054=DIRECTION('',(0.,-1.,0.));
#2055=DIRECTION('',(0.,0.,-1.));
#2056=DIRECTION('',(0.,0.,1.));
#2057=DIRECTION('',(-1.,0.,0.));
#2058=DIRECTION('',(0.,0.,1.));
#2059=DIRECTION('',(0.,0.,1.));
#2060=DIRECTION('',(0.,1.,0.));
#2061=DIRECTION('',(0.,0.,1.));
#2062=DIRECTION('',(0.,0.,1.));
#2063=DIRECTION('',(1.,0.,0.));
#2064=DIRECTION('',(0.,1.,0.));
#2065=DIRECTION('',(0.,1.,0.));
#2066=DIRECTION('',(0.,1.,0.));
#2067=DIRECTION('',(0.,0.,1.));
#2068=DIRECTION('',(0.,0.,1.));
#2069=DIRECTION('',(0.,0.,1.));
#2070=DIRECTION('',(1.,0.,0.));
#2071=DIRECTION('',(0.,0.,-1.));
#2072=DIRECTION('',(0.,0.,1.));
#2073=DIRECTION('',(0.,0.,1.));
#2074=DIRECTION('',(1.,0.,0.));
#2075=DIRECTION('',(0.,0.,-1.));
#2076=DIRECTION('',(0.,0.,1.));
#2077=DIRECTION('',(0.,0.,1.));
#2078=DIRECTION('',(1.,0.,0.));
#2079=DIRECTION('',(0.,0.,-1.));
#2080=DIRECTION('',(0.,0.,1.));
#2081=DIRECTION('',(1.,0.,0.));
#2082=DIRECTION('',(0.,0.,-1.));
#2083=DIRECTION('',(-1.,0.,0.));
#2084=DIRECTION('',(0.,0.,1.));
#2085=DIRECTION('',(1.,0.,0.));
#2086=DIRECTION('',(0.,0.,-1.));
#2087=DIRECTION('',(0.,0.,1.));
#2088=DIRECTION('',(1.,0.,0.));
#2089=DIRECTION('',(0.,1.,0.));
#2090=DIRECTION('',(0.,0.,1.));
#2091=DIRECTION('',(0.,0.,1.));
#2092=DIRECTION('',(1.,0.,0.));
#2093=DIRECTION('',(0.,1.,0.));
#2094=DIRECTION('',(0.,0.,1.));
#2095=DIRECTION('',(0.,1.,0.));
#2096=DIRECTION('',(0.,0.,1.));
#2097=DIRECTION('',(0.,1.,0.));
#2098=DIRECTION('',(0.,0.,1.));
#2099=DIRECTION('',(0.,-1.,0.));
#2100=DIRECTION('',(0.,0.,-1.));
#2101=DIRECTION('',(0.,1.,0.));
#2102=DIRECTION('',(0.,0.,1.));
#2103=DIRECTION('',(0.,0.,1.));
#2104=DIRECTION('',(1.,0.,0.));
#2105=DIRECTION('',(-1.,0.,0.));
#2106=DIRECTION('',(0.,0.,1.));
#2107=DIRECTION('',(0.,0.,1.));
#2108=DIRECTION('',(1.,0.,0.));
#2109=DIRECTION('',(1.,0.,0.));
#2110=DIRECTION('',(0.,0.,-1.));
#2111=DIRECTION('',(-1.,0.,0.));
#2112=DIRECTION('',(0.,0.,1.));
#2113=CARTESIAN_POINT('',(0.,0.,0.));
#2114=CARTESIAN_POINT('',(0.,0.,0.));
#2115=CARTESIAN_POINT('',(1.85,1.85,0.));
#2116=CARTESIAN_POINT('',(1.98,1.85,0.));
#2117=CARTESIAN_POINT('',(1.85,1.98,0.));
#2118=CARTESIAN_POINT('',(0.,1.98,0.));
#2119=CARTESIAN_POINT('',(-1.85,1.98,0.));
#2120=CARTESIAN_POINT('',(-1.85,1.85,0.));
#2121=CARTESIAN_POINT('',(-1.98,1.85,0.));
#2122=CARTESIAN_POINT('',(-1.98,0.,0.));
#2123=CARTESIAN_POINT('',(-1.98,-1.85,0.));
#2124=CARTESIAN_POINT('',(-1.85,-1.85,0.));
#2125=CARTESIAN_POINT('',(-1.85,-1.98,0.));
#2126=CARTESIAN_POINT('',(0.,-1.98,0.));
#2127=CARTESIAN_POINT('',(1.85,-1.98,0.));
#2128=CARTESIAN_POINT('',(1.85,-1.85,0.));
#2129=CARTESIAN_POINT('',(1.98,-1.85,0.));
#2130=CARTESIAN_POINT('',(1.98,0.,0.));
#2131=CARTESIAN_POINT('',(1.43891919596364,1.37492768389217,0.));
#2132=CARTESIAN_POINT('',(1.43891919596364,1.37492768389217,0.));
#2133=CARTESIAN_POINT('',(1.43891919596364,1.44298363168534,0.));
#2134=CARTESIAN_POINT('',(-1.43891919596364,1.37492768389217,0.));
#2135=CARTESIAN_POINT('',(-1.43891919596364,1.37492768389217,0.));
#2136=CARTESIAN_POINT('',(-1.43891919596364,1.44298363168534,0.));
#2137=CARTESIAN_POINT('',(-1.43891919596364,1.44298363168534,0.));
#2138=CARTESIAN_POINT('',(1.43891919596364,1.44298363168534,0.));
#2139=CARTESIAN_POINT('',(0.382123944412086,0.135808229846897,0.));
#2140=CARTESIAN_POINT('',(0.318777825753161,0.0891102907966043,0.));
#2141=CARTESIAN_POINT('',(0.261890542648432,0.0597851761685208,0.));
#2142=CARTESIAN_POINT('',(0.204119473067354,0.0244444119316002,0.));
#2143=CARTESIAN_POINT('',(0.108437848760994,-0.0196477857733471,0.));
#2144=CARTESIAN_POINT('',(-0.0579608093926757,-0.038600911547433,0.));
#2145=CARTESIAN_POINT('',(-0.1330593403059,-0.00912846360599242,0.));
#2146=CARTESIAN_POINT('',(-0.268227055706111,0.0765029242399523,0.));
#2147=CARTESIAN_POINT('',(-0.326837183545186,0.145053971111276,0.));
#2148=CARTESIAN_POINT('',(-0.393236853094824,0.319747949005652,0.));
#2149=CARTESIAN_POINT('',(-0.392139848612457,0.415908122340269,0.));
#2150=CARTESIAN_POINT('',(-0.34739460381157,0.582244388979626,0.));
#2151=CARTESIAN_POINT('',(-0.308589506107171,0.648568981330615,0.));
#2152=CARTESIAN_POINT('',(-0.219746842812436,0.770956792581693,0.));
#2153=CARTESIAN_POINT('',(-0.160752439088301,0.831387438263171,0.));
#2154=CARTESIAN_POINT('',(-0.0604716864863804,0.901031919744276,0.));
#2155=CARTESIAN_POINT('',(-0.0319858026337532,0.920044499901803,0.));
#2156=CARTESIAN_POINT('',(0.0455136150077919,0.950214658173789,0.));
#2157=CARTESIAN_POINT('',(0.0945271487967099,0.961372236288248,0.));
#2158=CARTESIAN_POINT('',(0.209707262674504,0.929418852188054,0.));
#2159=CARTESIAN_POINT('',(0.250789738461575,0.895771592936252,0.));
#2160=CARTESIAN_POINT('',(0.315654983435516,0.798611990231754,0.));
#2161=CARTESIAN_POINT('',(0.324315499737663,0.741452044049214,0.));
#2162=CARTESIAN_POINT('',(0.31630663072133,0.645465456846816,0.));
#2163=CARTESIAN_POINT('',(0.302604587529518,0.606870516691583,0.));
#2164=CARTESIAN_POINT('',(0.272063634617206,0.544706491862363,0.));
#2165=CARTESIAN_POINT('',(0.255471274220075,0.520723043037773,0.));
#2166=CARTESIAN_POINT('',(0.239496178342303,0.498639741392366,0.));
#2167=CARTESIAN_POINT('',(0.382123944412086,0.135808229846897,0.));
#2168=CARTESIAN_POINT('',(0.239496178342303,0.498639741392366,-6.7762635780344E-18));
#2169=CARTESIAN_POINT('',(0.142307747426615,0.569031971877298,0.));
#2170=CARTESIAN_POINT('',(0.142307747426615,0.569031971877298,0.));
#2171=CARTESIAN_POINT('',(0.142307747426615,0.569031971877298,0.));
#2172=CARTESIAN_POINT('',(0.157142430939289,0.589496240540845,0.));
#2173=CARTESIAN_POINT('',(0.182441433686217,0.627008950643124,0.));
#2174=CARTESIAN_POINT('',(0.208010183778776,0.703305680674085,0.));
#2175=CARTESIAN_POINT('',(0.19263001865782,0.78679142513483,0.));
#2176=CARTESIAN_POINT('',(0.101058073160077,0.857381416493278,0.));
#2177=CARTESIAN_POINT('',(-0.0484526270462619,0.773849721217014,0.));
#2178=CARTESIAN_POINT('',(-0.169762562448724,0.64965547447497,0.));
#2179=CARTESIAN_POINT('',(-0.271056787081977,0.471330121323519,0.));
#2180=CARTESIAN_POINT('',(-0.270372344261766,0.268032996208517,0.));
#2181=CARTESIAN_POINT('',(-0.148773572598422,0.123490198173975,0.));
#2182=CARTESIAN_POINT('',(0.0151714680637964,0.0656505928161452,0.));
#2183=CARTESIAN_POINT('',(0.184925020092863,0.151562052046377,0.));
#2184=CARTESIAN_POINT('',(0.303910112364095,0.219429626424938,0.));
#2185=CARTESIAN_POINT('',(0.369772935635611,0.285203813698427,0.));
#2186=CARTESIAN_POINT('',(0.382123944412086,0.298968686983749,0.));
#2187=CARTESIAN_POINT('',(0.382123944412086,0.298968686983749,0.));
#2188=CARTESIAN_POINT('',(0.382123944412086,0.298968686983749,0.));
#2189=CARTESIAN_POINT('',(-1.06393664288504,-0.633356671575793,0.));
#2190=CARTESIAN_POINT('',(-1.06393664288504,-0.633356671575793,0.));
#2191=CARTESIAN_POINT('',(-0.732662511610909,-0.198993737212859,0.));
#2192=CARTESIAN_POINT('',(-0.732662511610909,-0.198993737212859,0.));
#2193=CARTESIAN_POINT('',(-0.63420691315531,-0.198993737212859,0.));
#2194=CARTESIAN_POINT('',(-0.63420691315531,-0.198993737212859,0.));
#2195=CARTESIAN_POINT('',(-0.63420691315531,-1.69899373721286,0.));
#2196=CARTESIAN_POINT('',(-0.63420691315531,-1.69899373721286,0.));
#2197=CARTESIAN_POINT('',(-0.74424552319392,-1.69783543605456,0.));
#2198=CARTESIAN_POINT('',(-0.74424552319392,-1.69783543605456,0.));
#2199=CARTESIAN_POINT('',(-0.74424552319392,-0.391271729490851,0.));
#2200=CARTESIAN_POINT('',(-0.74424552319392,-0.391271729490851,0.));
#2201=CARTESIAN_POINT('',(-0.933048611997009,-0.633356671575793,0.));
#2202=CARTESIAN_POINT('',(-0.933048611997009,-0.633356671575793,0.));
#2203=CARTESIAN_POINT('',(0.227569148620751,-0.306715744934866,0.));
#2204=CARTESIAN_POINT('',(0.227569148620751,-0.306715744934866,0.));
#2205=CARTESIAN_POINT('',(-0.285558264506662,-0.306715744934866,0.));
#2206=CARTESIAN_POINT('',(-0.285558264506662,-0.306715744934866,0.));
#2207=CARTESIAN_POINT('',(-0.285558264506662,-0.821001459220581,0.));
#2208=CARTESIAN_POINT('',(-0.285558264506662,-0.821001459220581,0.));
#2209=CARTESIAN_POINT('',(-0.235365214313611,-0.821001459220581,0.));
#2210=CARTESIAN_POINT('',(-0.185172164120561,-0.821001459220581,0.));
#2211=CARTESIAN_POINT('',(-0.134979113927511,-0.821001459220581,0.));
#2212=CARTESIAN_POINT('',(-0.016832395780793,-0.821001459220581,0.));
#2213=CARTESIAN_POINT('',(0.0781482991999017,-0.86038369860282,0.));
#2214=CARTESIAN_POINT('',(0.148804669856272,-0.9403064785256,0.));
#2215=CARTESIAN_POINT('',(0.217228559100723,-1.017703992589,0.));
#2216=CARTESIAN_POINT('',(0.251893472945076,-1.11520995342908,0.));
#2217=CARTESIAN_POINT('',(0.251893472945076,-1.2356732738924,0.));
#2218=CARTESIAN_POINT('',(0.251893472945076,-1.2356732738924,0.));
#2219=CARTESIAN_POINT('',(0.251893472945076,-1.2356732738924,0.));
#2220=CARTESIAN_POINT('',(0.251893472945076,-1.44880068701981,0.));
#2221=CARTESIAN_POINT('',(0.169654090705694,-1.59127172949085,0.));
#2222=CARTESIAN_POINT('',(0.00517532622692899,-1.66192810014722,0.));
#2223=CARTESIAN_POINT('',(-0.0505828716371932,-1.68588056542688,0.));
#2224=CARTESIAN_POINT('',(-0.107179886128284,-1.69899373721286,0.));
#2225=CARTESIAN_POINT('',(-0.16393664288504,-1.69899373721286,0.));
#2226=CARTESIAN_POINT('',(-0.245789924738322,-1.69899373721286,0.));
#2227=CARTESIAN_POINT('',(-0.327643206591604,-1.69899373721286,0.));
#2228=CARTESIAN_POINT('',(-0.409496488444886,-1.69899373721286,0.));
#2229=CARTESIAN_POINT('',(-0.409496488444886,-1.69899373721286,0.));
#2230=CARTESIAN_POINT('',(-0.409496488444886,-1.69899373721286,0.));
#2231=CARTESIAN_POINT('',(-0.409496488444886,-1.59243003064915,0.));
#2232=CARTESIAN_POINT('',(-0.409496488444886,-1.59243003064915,0.));
#2233=CARTESIAN_POINT('',(-0.328801507749905,-1.59243003064915,0.));
#2234=CARTESIAN_POINT('',(-0.248106527054924,-1.59243003064915,0.));
#2235=CARTESIAN_POINT('',(-0.167411546359944,-1.59243003064915,0.));
#2236=CARTESIAN_POINT('',(-0.0689559479043454,-1.59243003064915,0.));
#2237=CARTESIAN_POINT('',(0.00980853086013345,-1.55652269474182,0.));
#2238=CARTESIAN_POINT('',(0.0665652876168904,-1.48586632408545,0.));
#2239=CARTESIAN_POINT('',(0.120828158786002,-1.41831458650757,0.));
#2240=CARTESIAN_POINT('',(0.14648806753967,-1.33412887234799,0.));
#2241=CARTESIAN_POINT('',(0.14648806753967,-1.16038369860282,0.));
#2242=CARTESIAN_POINT('',(0.126796947848551,-1.09667713489626,0.));
#2243=CARTESIAN_POINT('',(0.0885730096246123,-1.0433952816144,0.));
#2244=CARTESIAN_POINT('',(0.0330797227116684,-0.966041002887269,0.));
#2245=CARTESIAN_POINT('',(-0.0573729363213336,-0.927565165784287,0.));
#2246=CARTESIAN_POINT('',(-0.178994557942955,-0.926406864625986,0.));
#2247=CARTESIAN_POINT('',(-0.251188781914796,-0.925719300588159,0.));
#2248=CARTESIAN_POINT('',(-0.3233961023445,-0.926406864625986,0.));
#2249=CARTESIAN_POINT('',(-0.395596874545272,-0.926406864625986,0.));
#2250=CARTESIAN_POINT('',(-0.395596874545272,-0.926406864625986,0.));
#2251=CARTESIAN_POINT('',(-0.395596874545272,-0.926406864625986,0.));
#2252=CARTESIAN_POINT('',(-0.395596874545272,-0.20015203837116,0.));
#2253=CARTESIAN_POINT('',(-0.395596874545272,-0.20015203837116,0.));
#2254=CARTESIAN_POINT('',(0.227569148620751,-0.20015203837116,0.));
#2255=CARTESIAN_POINT('',(0.227569148620751,-0.20015203837116,0.));
#2256=CARTESIAN_POINT('',(0.419847140898744,-0.20015203837116,0.));
#2257=CARTESIAN_POINT('',(0.492434013485616,-0.20015203837116,0.));
#2258=CARTESIAN_POINT('',(0.565020886072489,-0.20015203837116,0.));
#2259=CARTESIAN_POINT('',(0.637607758659361,-0.20015203837116,0.));
#2260=CARTESIAN_POINT('',(0.803244824296427,-0.20015203837116,0.));
#2261=CARTESIAN_POINT('',(0.916758337809941,-0.262700300919422,0.));
#2262=CARTESIAN_POINT('',(0.980464901516504,-0.387796826015948,0.));
#2263=CARTESIAN_POINT('',(1.00656078236764,-0.439039646596368,0.));
#2264=CARTESIAN_POINT('',(1.01984714089874,-0.486252424471546,0.));
#2265=CARTESIAN_POINT('',(1.01984714089874,-0.598607636826758,0.));
#2266=CARTESIAN_POINT('',(1.01289733394894,-0.655364393583515,0.));
#2267=CARTESIAN_POINT('',(1.00015602120762,-0.698221536440658,0.));
#2268=CARTESIAN_POINT('',(0.980111969485719,-0.765642437687062,0.));
#2269=CARTESIAN_POINT('',(0.93644945750106,-0.821001459220581,0.));
#2270=CARTESIAN_POINT('',(0.870426291477894,-0.867333505552627,0.));
#2271=CARTESIAN_POINT('',(0.419847140898744,-0.20015203837116,0.));
#2272=CARTESIAN_POINT('',(0.870426291477894,-0.867333505552627,-6.7762635780344E-18));
#2273=CARTESIAN_POINT('',(0.870426291477894,-0.867333505552627,0.));
#2274=CARTESIAN_POINT('',(0.935291156342759,-0.895132733351855,0.));
#2275=CARTESIAN_POINT('',(0.985098106149709,-0.950731188950311,0.));
#2276=CARTESIAN_POINT('',(1.01984714089874,-1.03528717350629,0.));
#2277=CARTESIAN_POINT('',(1.04748347388104,-1.10253558376321,0.));
#2278=CARTESIAN_POINT('',(1.06154598259759,-1.17775821597734,0.));
#2279=CARTESIAN_POINT('',(1.06154598259759,-1.26231420053332,0.));
#2280=CARTESIAN_POINT('',(1.06154598259759,-1.26231420053332,0.));
#2281=CARTESIAN_POINT('',(1.06154598259759,-1.26231420053332,0.));
#2282=CARTESIAN_POINT('',(1.06154598259759,-1.39088562910475,0.));
#2283=CARTESIAN_POINT('',(1.02679694784855,-1.49397443219355,0.));
#2284=CARTESIAN_POINT('',(0.95614057719218,-1.57273891095803,0.));
#2285=CARTESIAN_POINT('',(0.882207512054801,-1.65515609832429,0.));
#2286=CARTESIAN_POINT('',(0.782395403447006,-1.69667713489626,0.));
#2287=CARTESIAN_POINT('',(0.657298878350481,-1.69667713489626,0.));
#2288=CARTESIAN_POINT('',(0.578920499972103,-1.69667713489626,0.));
#2289=CARTESIAN_POINT('',(0.500542121593724,-1.69667713489626,0.));
#2290=CARTESIAN_POINT('',(0.422163743215346,-1.69667713489626,0.));
#2291=CARTESIAN_POINT('',(0.422163743215346,-1.69667713489626,0.));
#2292=CARTESIAN_POINT('',(0.422163743215346,-1.69667713489626,0.));
#2293=CARTESIAN_POINT('',(0.422163743215346,-1.59011342833255,0.));
#2294=CARTESIAN_POINT('',(0.422163743215346,-1.59011342833255,0.));
#2295=CARTESIAN_POINT('',(0.498997720049323,-1.59011342833255,0.));
#2296=CARTESIAN_POINT('',(0.575831696883299,-1.59011342833255,0.));
#2297=CARTESIAN_POINT('',(0.652665673717276,-1.59011342833255,0.));
#2298=CARTESIAN_POINT('',(0.744171465223068,-1.59011342833255,0.));
#2299=CARTESIAN_POINT('',(0.819461040512643,-1.55768099590012,0.));
#2300=CARTESIAN_POINT('',(0.8762177972694,-1.49397443219355,0.));
#2301=CARTESIAN_POINT('',(0.930798843483325,-1.43270999256568,0.));
#2302=CARTESIAN_POINT('',(0.957298878350481,-1.35381999203911,0.));
#2303=CARTESIAN_POINT('',(0.957298878350481,-1.16617520439433,0.));
#2304=CARTESIAN_POINT('',(0.935291156342759,-1.08856902678815,0.));
#2305=CARTESIAN_POINT('',(0.888959110010713,-1.02833736655649,0.));
#2306=CARTESIAN_POINT('',(0.838536409030391,-0.96278785528207,0.));
#2307=CARTESIAN_POINT('',(0.768495789547393,-0.928723466942589,0.));
#2308=CARTESIAN_POINT('',(0.676989998041601,-0.928723466942589,0.));
#2309=CARTESIAN_POINT('',(0.62602474707635,-0.928723466942589,0.));
#2310=CARTESIAN_POINT('',(0.575059496111099,-0.928723466942589,0.));
#2311=CARTESIAN_POINT('',(0.524094245145848,-0.928723466942589,0.));
#2312=CARTESIAN_POINT('',(0.524094245145848,-0.928723466942589,0.));
#2313=CARTESIAN_POINT('',(0.524094245145848,-0.928723466942589,0.));
#2314=CARTESIAN_POINT('',(0.524094245145848,-0.818684856903979,0.));
#2315=CARTESIAN_POINT('',(0.524094245145848,-0.818684856903979,0.));
#2316=CARTESIAN_POINT('',(0.575059496111099,-0.818684856903979,0.));
#2317=CARTESIAN_POINT('',(0.62602474707635,-0.818684856903978,0.));
#2318=CARTESIAN_POINT('',(0.676989998041601,-0.818684856903979,0.));
#2319=CARTESIAN_POINT('',(0.763862584914188,-0.818684856903979,0.));
#2320=CARTESIAN_POINT('',(0.831044052095655,-0.781619219838341,0.));
#2321=CARTESIAN_POINT('',(0.879692700744304,-0.708646246865368,0.));
#2322=CARTESIAN_POINT('',(0.894839715891319,-0.685925724144846,0.));
#2323=CARTESIAN_POINT('',(0.90633362738523,-0.65999759821672,0.));
#2324=CARTESIAN_POINT('',(0.910966832018435,-0.631040069259191,0.));
#2325=CARTESIAN_POINT('',(0.913373785439429,-0.615996610377978,0.));
#2326=CARTESIAN_POINT('',(0.914441735493338,-0.583549721768843,0.));
#2327=CARTESIAN_POINT('',(0.914441735493338,-0.465403003622125,0.));
#2328=CARTESIAN_POINT('',(0.884325905377508,-0.410962849181971,0.));
#2329=CARTESIAN_POINT('',(0.825252546304149,-0.365789104008226,0.));
#2330=CARTESIAN_POINT('',(0.773359136987159,-0.326105908648174,0.));
#2331=CARTESIAN_POINT('',(0.711739032790636,-0.306715744934866,0.));
#2332=CARTESIAN_POINT('',(0.643399264450867,-0.306715744934866,0.));
#2333=CARTESIAN_POINT('',(0.568881889933493,-0.306715744934866,0.));
#2334=CARTESIAN_POINT('',(0.494364515416118,-0.306715744934866,0.));
#2335=CARTESIAN_POINT('',(0.419847140898744,-0.306715744934866,0.));
#2336=CARTESIAN_POINT('',(0.419847140898744,-0.306715744934866,0.));
#2337=CARTESIAN_POINT('',(0.419847140898744,-0.306715744934866,0.));
#2338=CARTESIAN_POINT('',(0.,0.,-4.1));
#2339=CARTESIAN_POINT('',(-4.4325418173703,0.785000000000001,-4.1));
#2340=CARTESIAN_POINT('',(-1.505,0.785000000000001,-4.1));
#2341=CARTESIAN_POINT('',(1.505,0.785000000000001,-4.1));
#2342=CARTESIAN_POINT('',(-1.505,0.,-4.1));
#2343=CARTESIAN_POINT('',(-1.505,1.605,-4.1));
#2344=CARTESIAN_POINT('',(-4.4325418173703,1.605,-4.1));
#2345=CARTESIAN_POINT('',(1.505,1.605,-4.1));
#2346=CARTESIAN_POINT('',(1.505,0.785000000000001,-4.1));
#2347=CARTESIAN_POINT('',(0.,0.,-4.1));
#2348=CARTESIAN_POINT('',(-4.4325418173703,-1.605,-4.1));
#2349=CARTESIAN_POINT('',(-1.505,-1.605,-4.1));
#2350=CARTESIAN_POINT('',(1.505,-1.605,-4.1));
#2351=CARTESIAN_POINT('',(-1.505,0.,-4.1));
#2352=CARTESIAN_POINT('',(-1.505,-0.785000000000001,-4.1));
#2353=CARTESIAN_POINT('',(-4.4325418173703,-0.785000000000001,-4.1));
#2354=CARTESIAN_POINT('',(1.505,-0.785000000000001,-4.1));
#2355=CARTESIAN_POINT('',(1.505,-1.605,-4.1));
#2356=CARTESIAN_POINT('',(-4.4325418173703,-1.605,-3.975));
#2357=CARTESIAN_POINT('',(-1.625,-1.605,-4.1));
#2358=CARTESIAN_POINT('',(-1.625,-1.605,-3.98));
#2359=CARTESIAN_POINT('',(-1.625,-1.605,-3.975));
#2360=CARTESIAN_POINT('',(-1.505,-1.605,-3.98));
#2361=CARTESIAN_POINT('',(1.505,-1.605,-3.98));
#2362=CARTESIAN_POINT('',(1.625,-1.605,-3.98));
#2363=CARTESIAN_POINT('',(1.625,-1.605,-4.1));
#2364=CARTESIAN_POINT('',(1.625,-1.605,-3.975));
#2365=CARTESIAN_POINT('',(-4.4325418173703,-1.605,-3.975));
#2366=CARTESIAN_POINT('',(-2.,2.,-4.1));
#2367=CARTESIAN_POINT('',(-2.,-1.85,-4.1));
#2368=CARTESIAN_POINT('',(-2.,-1.85,-3.975));
#2369=CARTESIAN_POINT('',(-2.,-1.85,-0.0200000000000001));
#2370=CARTESIAN_POINT('',(-2.,2.,-0.0200000000000001));
#2371=CARTESIAN_POINT('',(-2.,1.85,-0.0200000000000001));
#2372=CARTESIAN_POINT('',(-2.,1.85,-4.1));
#2373=CARTESIAN_POINT('',(-2.,1.85,-3.975));
#2374=CARTESIAN_POINT('',(-2.,2.,-3.975));
#2375=CARTESIAN_POINT('',(-4.4325418173703,-0.785000000000001,-4.1));
#2376=CARTESIAN_POINT('',(-1.505,-0.785000000000001,-3.98));
#2377=CARTESIAN_POINT('',(-1.625,-0.785000000000001,-3.98));
#2378=CARTESIAN_POINT('',(-1.625,-0.785000000000001,-4.09999999999999));
#2379=CARTESIAN_POINT('',(-1.625,-0.785000000000001,-3.975));
#2380=CARTESIAN_POINT('',(-4.4325418173703,-0.785000000000001,-3.975));
#2381=CARTESIAN_POINT('',(1.625,-0.785000000000001,-3.975));
#2382=CARTESIAN_POINT('',(1.625,-0.785000000000001,-4.10000000000001));
#2383=CARTESIAN_POINT('',(1.625,-0.785000000000001,-3.98));
#2384=CARTESIAN_POINT('',(1.505,-0.785000000000001,-3.98));
#2385=CARTESIAN_POINT('',(-4.4325418173703,0.785000000000001,-4.1));
#2386=CARTESIAN_POINT('',(-1.625,0.785000000000001,-4.09999999999999));
#2387=CARTESIAN_POINT('',(-1.625,0.785000000000001,-3.98));
#2388=CARTESIAN_POINT('',(-1.625,0.785000000000001,-3.975));
#2389=CARTESIAN_POINT('',(-1.505,0.785000000000001,-3.98));
#2390=CARTESIAN_POINT('',(1.505,0.785000000000001,-3.98));
#2391=CARTESIAN_POINT('',(1.625,0.785000000000001,-3.98));
#2392=CARTESIAN_POINT('',(1.625,0.785000000000001,-4.10000000000001));
#2393=CARTESIAN_POINT('',(1.625,0.785000000000001,-3.975));
#2394=CARTESIAN_POINT('',(-4.4325418173703,0.785000000000001,-3.975));
#2395=CARTESIAN_POINT('',(-4.4325418173703,1.605,-3.975));
#2396=CARTESIAN_POINT('',(-1.505,1.605,-3.98));
#2397=CARTESIAN_POINT('',(-1.625,1.605,-3.98));
#2398=CARTESIAN_POINT('',(-1.625,1.605,-3.97499999999999));
#2399=CARTESIAN_POINT('',(-1.625,1.605,-3.975));
#2400=CARTESIAN_POINT('',(-4.4325418173703,1.605,-3.975));
#2401=CARTESIAN_POINT('',(1.625,1.605,-3.975));
#2402=CARTESIAN_POINT('',(1.625,1.605,-3.97500000000001));
#2403=CARTESIAN_POINT('',(1.625,1.605,-3.98));
#2404=CARTESIAN_POINT('',(1.505,1.605,-3.98));
#2405=CARTESIAN_POINT('',(-2.,-2.,-4.1));
#2406=CARTESIAN_POINT('',(1.85,-2.,-4.1));
#2407=CARTESIAN_POINT('',(1.85,-2.,-3.975));
#2408=CARTESIAN_POINT('',(1.85,-2.,-0.0200000000000001));
#2409=CARTESIAN_POINT('',(-2.,-2.,-0.0200000000000001));
#2410=CARTESIAN_POINT('',(-1.85,-2.,-0.0200000000000001));
#2411=CARTESIAN_POINT('',(-1.85,-2.,-4.1));
#2412=CARTESIAN_POINT('',(-1.85,-2.,-3.975));
#2413=CARTESIAN_POINT('',(-4.4325418173703,-2.,-3.975));
#2414=CARTESIAN_POINT('',(2.,-2.,-4.1));
#2415=CARTESIAN_POINT('',(2.,1.85,-4.1));
#2416=CARTESIAN_POINT('',(2.,1.85,-3.975));
#2417=CARTESIAN_POINT('',(2.,1.85,-0.0200000000000001));
#2418=CARTESIAN_POINT('',(2.,-2.,-0.0200000000000001));
#2419=CARTESIAN_POINT('',(2.,-1.85,-0.0200000000000001));
#2420=CARTESIAN_POINT('',(2.,-1.85,-4.1));
#2421=CARTESIAN_POINT('',(2.,-1.85,-3.975));
#2422=CARTESIAN_POINT('',(2.,1.605,-3.975));
#2423=CARTESIAN_POINT('',(2.,2.,-4.1));
#2424=CARTESIAN_POINT('',(-1.85,2.,-4.1));
#2425=CARTESIAN_POINT('',(-1.85,2.,-3.975));
#2426=CARTESIAN_POINT('',(-1.85,2.,-0.0200000000000001));
#2427=CARTESIAN_POINT('',(2.,2.,-0.0200000000000001));
#2428=CARTESIAN_POINT('',(1.85,2.,-0.0200000000000001));
#2429=CARTESIAN_POINT('',(1.85,2.,-4.1));
#2430=CARTESIAN_POINT('',(1.85,2.,-3.975));
#2431=CARTESIAN_POINT('',(-4.4325418173703,2.,-3.975));
#2432=CARTESIAN_POINT('',(-4.4325418173703,1.605,-3.975));
#2433=CARTESIAN_POINT('',(-1.625,6.69732116627259,-3.975));
#2434=CARTESIAN_POINT('',(1.625,6.69732116627259,-3.975));
#2435=CARTESIAN_POINT('',(-1.625,6.69732116627259,-3.975));
#2436=CARTESIAN_POINT('',(1.625,6.69732116627259,-3.975));
#2437=CARTESIAN_POINT('',(-1.85,-1.85,-3.975));
#2438=CARTESIAN_POINT('',(-1.85,1.85,-3.975));
#2439=CARTESIAN_POINT('',(1.85,1.85,-3.975));
#2440=CARTESIAN_POINT('',(1.85,-1.85,-3.975));
#2441=CARTESIAN_POINT('',(1.625,6.69732116627259,-4.1));
#2442=CARTESIAN_POINT('',(1.625,1.605,-3.98));
#2443=CARTESIAN_POINT('',(-1.625,6.69732116627259,-4.1));
#2444=CARTESIAN_POINT('',(-1.625,6.69732116627259,-3.98));
#2445=CARTESIAN_POINT('',(1.625,6.69732116627259,-4.1));
#2446=CARTESIAN_POINT('',(1.625,-0.785000000000001,-3.98));
#2447=CARTESIAN_POINT('',(-1.625,6.69732116627259,-4.1));
#2448=CARTESIAN_POINT('',(-1.625,6.69732116627259,-3.98));
#2449=CARTESIAN_POINT('',(-1.505,6.69732116627259,-3.98));
#2450=CARTESIAN_POINT('',(-1.505,6.69732116627259,-3.98));
#2451=CARTESIAN_POINT('',(1.505,0.,-3.98));
#2452=CARTESIAN_POINT('',(1.505,0.,-3.98));
#2453=CARTESIAN_POINT('',(-1.85,-1.85,-4.1));
#2454=CARTESIAN_POINT('',(-1.85,-1.85,-0.0200000000000001));
#2455=CARTESIAN_POINT('',(-1.85,1.85,-4.1));
#2456=CARTESIAN_POINT('',(-1.85,1.85,-0.0200000000000001));
#2457=CARTESIAN_POINT('',(1.85,-1.85,-4.1));
#2458=CARTESIAN_POINT('',(1.85,-1.85,-0.0200000000000001));
#2459=CARTESIAN_POINT('',(1.85,1.85,-4.1));
#2460=CARTESIAN_POINT('',(1.85,1.85,-0.0200000000000001));
#2461=CARTESIAN_POINT('',(-0.263523115143035,0.416345532556007,-0.02));
#2462=CARTESIAN_POINT('',(0.142307747426615,0.569031971877298,-0.02));
#2463=CARTESIAN_POINT('',(0.239496178342303,0.498639741392366,-0.02));
#2464=CARTESIAN_POINT('',(0.142307747426615,0.569031971877298,-0.02));
#2465=CARTESIAN_POINT('',(0.382123944412086,0.135808229846897,-0.02));
#2466=CARTESIAN_POINT('',(0.318777825753161,0.0891102907966043,-0.02));
#2467=CARTESIAN_POINT('',(0.261890542648432,0.0597851761685208,-0.02));
#2468=CARTESIAN_POINT('',(0.204119473067354,0.0244444119316002,-0.02));
#2469=CARTESIAN_POINT('',(0.108437848760994,-0.0196477857733471,-0.02));
#2470=CARTESIAN_POINT('',(-0.0579608093926757,-0.038600911547433,-0.02));
#2471=CARTESIAN_POINT('',(-0.1330593403059,-0.00912846360599242,-0.02));
#2472=CARTESIAN_POINT('',(-0.268227055706111,0.0765029242399523,-0.02));
#2473=CARTESIAN_POINT('',(-0.326837183545186,0.145053971111276,-0.02));
#2474=CARTESIAN_POINT('',(-0.393236853094824,0.319747949005652,-0.02));
#2475=CARTESIAN_POINT('',(-0.392139848612457,0.415908122340269,-0.02));
#2476=CARTESIAN_POINT('',(-0.34739460381157,0.582244388979626,-0.02));
#2477=CARTESIAN_POINT('',(-0.308589506107171,0.648568981330615,-0.02));
#2478=CARTESIAN_POINT('',(-0.219746842812436,0.770956792581693,-0.02));
#2479=CARTESIAN_POINT('',(-0.160752439088301,0.831387438263171,-0.02));
#2480=CARTESIAN_POINT('',(-0.0604716864863804,0.901031919744276,-0.02));
#2481=CARTESIAN_POINT('',(-0.0319858026337532,0.920044499901803,-0.02));
#2482=CARTESIAN_POINT('',(0.0455136150077919,0.950214658173789,-0.02));
#2483=CARTESIAN_POINT('',(0.0945271487967099,0.961372236288248,-0.02));
#2484=CARTESIAN_POINT('',(0.209707262674504,0.929418852188054,-0.02));
#2485=CARTESIAN_POINT('',(0.250789738461575,0.895771592936252,-0.02));
#2486=CARTESIAN_POINT('',(0.315654983435516,0.798611990231754,-0.02));
#2487=CARTESIAN_POINT('',(0.324315499737663,0.741452044049214,-0.02));
#2488=CARTESIAN_POINT('',(0.31630663072133,0.645465456846816,-0.02));
#2489=CARTESIAN_POINT('',(0.302604587529518,0.606870516691583,-0.02));
#2490=CARTESIAN_POINT('',(0.272063634617206,0.544706491862363,-0.02));
#2491=CARTESIAN_POINT('',(0.255471274220075,0.520723043037773,-0.02));
#2492=CARTESIAN_POINT('',(0.239496178342303,0.498639741392366,-0.02));
#2493=CARTESIAN_POINT('',(0.382123944412086,0.135808229846897,-0.02));
#2494=CARTESIAN_POINT('',(0.382123944412086,0.298968686983749,-0.02));
#2495=CARTESIAN_POINT('',(0.382123944412086,0.298968686983749,-0.02));
#2496=CARTESIAN_POINT('',(0.142307747426615,0.569031971877298,-0.02));
#2497=CARTESIAN_POINT('',(0.157142430939289,0.589496240540845,-0.02));
#2498=CARTESIAN_POINT('',(0.182441433686217,0.627008950643124,-0.02));
#2499=CARTESIAN_POINT('',(0.208010183778776,0.703305680674085,-0.02));
#2500=CARTESIAN_POINT('',(0.19263001865782,0.78679142513483,-0.02));
#2501=CARTESIAN_POINT('',(0.101058073160077,0.857381416493278,-0.02));
#2502=CARTESIAN_POINT('',(-0.0484526270462619,0.773849721217014,-0.02));
#2503=CARTESIAN_POINT('',(-0.169762562448724,0.64965547447497,-0.02));
#2504=CARTESIAN_POINT('',(-0.271056787081977,0.471330121323519,-0.02));
#2505=CARTESIAN_POINT('',(-0.270372344261766,0.268032996208517,-0.02));
#2506=CARTESIAN_POINT('',(-0.148773572598422,0.123490198173975,-0.02));
#2507=CARTESIAN_POINT('',(0.0151714680637964,0.0656505928161452,-0.02));
#2508=CARTESIAN_POINT('',(0.184925020092863,0.151562052046377,-0.02));
#2509=CARTESIAN_POINT('',(0.303910112364095,0.219429626424938,-0.02));
#2510=CARTESIAN_POINT('',(0.369772935635611,0.285203813698427,-0.02));
#2511=CARTESIAN_POINT('',(0.382123944412086,0.298968686983749,-0.02));
#2512=CARTESIAN_POINT('',(0.142307747426615,0.569031971877298,-0.02));
#2513=CARTESIAN_POINT('',(0.239496178342303,0.498639741392366,-0.02));
#2514=CARTESIAN_POINT('',(0.142307747426615,0.569031971877298,-0.02));
#2515=CARTESIAN_POINT('',(0.142307747426615,0.569031971877298,-0.02));
#2516=CARTESIAN_POINT('',(0.142307747426615,0.569031971877298,-1.35525271560688E-17));
#2517=CARTESIAN_POINT('',(0.166664215560759,0.602631428661555,-0.02));
#2518=CARTESIAN_POINT('',(0.166664215560759,0.602631428661555,-1.35525271560688E-17));
#2519=CARTESIAN_POINT('',(0.204660262563491,0.661801721896032,-0.02));
#2520=CARTESIAN_POINT('',(0.204660262563491,0.661801721896032,-1.01643953670516E-17));
#2521=CARTESIAN_POINT('',(0.202669418844691,0.790923622601277,-0.02));
#2522=CARTESIAN_POINT('',(0.202669418844691,0.790923622601277,-2.37169225231204E-17));
#2523=CARTESIAN_POINT('',(0.0898717509353311,0.85562675720601,-0.02));
#2524=CARTESIAN_POINT('',(0.0898717509353311,0.85562675720601,-1.01643953670516E-17));
#2525=CARTESIAN_POINT('',(-0.0580769291196381,0.762707483287027,-0.02));
#2526=CARTESIAN_POINT('',(-0.0580769291196381,0.762707483287027,-1.6940658945086E-17));
#2527=CARTESIAN_POINT('',(-0.184922490898139,0.636204986750778,-0.02));
#2528=CARTESIAN_POINT('',(-0.184922490898139,0.636204986750778,-1.35525271560688E-17));
#2529=CARTESIAN_POINT('',(-0.290173432644407,0.419035140029234,-0.02));
#2530=CARTESIAN_POINT('',(-0.290173432644407,0.419035140029234,-1.6940658945086E-17));
#2531=CARTESIAN_POINT('',(-0.235522469382443,0.18572764846833,-0.02));
#2532=CARTESIAN_POINT('',(-0.235522469382443,0.18572764846833,-1.01643953670516E-17));
#2533=CARTESIAN_POINT('',(-0.00890143893958973,0.04078012378425,-0.02));
#2534=CARTESIAN_POINT('',(-0.00890143893958973,0.04078012378425,-1.35525271560688E-17));
#2535=CARTESIAN_POINT('',(0.216025749969303,0.170096023607698,-0.02));
#2536=CARTESIAN_POINT('',(0.216025749969303,0.170096023607698,-2.37169225231204E-17));
#2537=CARTESIAN_POINT('',(0.326694044920183,0.237193527032646,-0.02));
#2538=CARTESIAN_POINT('',(0.326694044920183,0.237193527032646,-1.35525271560688E-17));
#2539=CARTESIAN_POINT('',(0.382123944412086,0.298968686983749,-0.02));
#2540=CARTESIAN_POINT('',(0.382123944412086,0.298968686983749,-1.35525271560688E-17));
#2541=CARTESIAN_POINT('',(0.382123944412086,0.298968686983749,-0.02));
#2542=CARTESIAN_POINT('',(0.382123944412086,0.298968686983749,-0.02));
#2543=CARTESIAN_POINT('',(0.382123944412086,0.135808229846897,-0.02));
#2544=CARTESIAN_POINT('',(0.382123944412086,0.135808229846897,-0.02));
#2545=CARTESIAN_POINT('',(0.382123944412086,0.135808229846897,-1.35525271560688E-17));
#2546=CARTESIAN_POINT('',(0.346629317849851,0.109642050404385,-0.02));
#2547=CARTESIAN_POINT('',(0.346629317849851,0.109642050404385,-1.35525271560688E-17));
#2548=CARTESIAN_POINT('',(0.271076303396575,0.0653572282598638,-0.02));
#2549=CARTESIAN_POINT('',(0.271076303396575,0.0653572282598638,-1.6940658945086E-17));
#2550=CARTESIAN_POINT('',(0.239114239159345,0.0395746864785863,-0.02));
#2551=CARTESIAN_POINT('',(0.239114239159345,0.0395746864785863,-1.35525271560688E-17));
#2552=CARTESIAN_POINT('',(0.0320029104437188,-0.0477966071844217,-0.02));
#2553=CARTESIAN_POINT('',(0.0320029104437188,-0.0477966071844217,-1.6940658945086E-17));
#2554=CARTESIAN_POINT('',(-0.190523628982717,-0.00166814849666411,-0.02));
#2555=CARTESIAN_POINT('',(-0.190523628982717,-0.00166814849666411,-1.35525271560688E-17));
#2556=CARTESIAN_POINT('',(-0.384912872453327,0.186030192738074,-0.02));
#2557=CARTESIAN_POINT('',(-0.384912872453327,0.186030192738074,-1.35525271560688E-17));
#2558=CARTESIAN_POINT('',(-0.395439058070978,0.512461108532956,-0.02));
#2559=CARTESIAN_POINT('',(-0.395439058070978,0.512461108532956,-1.35525271560688E-17));
#2560=CARTESIAN_POINT('',(-0.280236289969879,0.700070614299336,-0.02));
#2561=CARTESIAN_POINT('',(-0.280236289969879,0.700070614299336,-2.03287907341032E-17));
#2562=CARTESIAN_POINT('',(-0.165521646571296,0.823668511200073,-0.02));
#2563=CARTESIAN_POINT('',(-0.165521646571296,0.823668511200073,-3.3881317890172E-18));
#2564=CARTESIAN_POINT('',(-0.0743691816974055,0.897687342589231,-0.02));
#2565=CARTESIAN_POINT('',(-0.0743691816974055,0.897687342589231,-2.71050543121376E-17));
#2566=CARTESIAN_POINT('',(0.113999156972877,0.997194047378324,-0.02));
#2567=CARTESIAN_POINT('',(0.113999156972877,0.997194047378324,-1.01643953670516E-17));
#2568=CARTESIAN_POINT('',(0.341283634706208,0.824254548235986,-0.02));
#2569=CARTESIAN_POINT('',(0.341283634706208,0.824254548235986,-1.6940658945086E-17));
#2570=CARTESIAN_POINT('',(0.316908037898754,0.611628727830786,-0.02));
#2571=CARTESIAN_POINT('',(0.316908037898754,0.611628727830786,-2.37169225231204E-17));
#2572=CARTESIAN_POINT('',(0.264293525545331,0.532918552767282,-0.02));
#2573=CARTESIAN_POINT('',(0.264293525545331,0.532918552767282,-1.35525271560688E-17));
#2574=CARTESIAN_POINT('',(0.239496178342303,0.498639741392366,-0.02));
#2575=CARTESIAN_POINT('',(0.239496178342303,0.498639741392366,-1.35525271560688E-17));
#2576=CARTESIAN_POINT('',(0.,0.,-0.02));
#2577=CARTESIAN_POINT('',(-1.43891919596364,1.37492768389217,-0.02));
#2578=CARTESIAN_POINT('',(-1.43891919596364,1.37492768389217,-0.02));
#2579=CARTESIAN_POINT('',(1.43891919596364,1.37492768389217,-0.02));
#2580=CARTESIAN_POINT('',(1.43891919596364,1.37492768389217,-0.02));
#2581=CARTESIAN_POINT('',(1.43891919596364,1.44298363168534,-0.02));
#2582=CARTESIAN_POINT('',(1.43891919596364,1.44298363168534,-0.02));
#2583=CARTESIAN_POINT('',(-1.43891919596364,1.44298363168534,-0.02));
#2584=CARTESIAN_POINT('',(-1.43891919596364,1.44298363168534,-0.02));
#2585=CARTESIAN_POINT('',(1.43891919596364,1.37492768389217,-0.02));
#2586=CARTESIAN_POINT('',(1.43891919596364,1.44298363168534,-0.02));
#2587=CARTESIAN_POINT('',(1.43891919596364,1.37492768389217,-0.02));
#2588=CARTESIAN_POINT('',(1.43891919596364,1.44298363168534,-0.02));
#2589=CARTESIAN_POINT('',(-1.43891919596364,1.44298363168534,-0.02));
#2590=CARTESIAN_POINT('',(-1.43891919596364,1.44298363168534,-0.02));
#2591=CARTESIAN_POINT('',(-1.43891919596364,1.37492768389217,-0.02));
#2592=CARTESIAN_POINT('',(-1.43891919596364,1.37492768389217,-0.02));
#2593=CARTESIAN_POINT('',(0.,0.,-0.02));
#2594=CARTESIAN_POINT('',(-0.732662511610909,-0.198993737212859,-0.02));
#2595=CARTESIAN_POINT('',(-0.732662511610909,-0.198993737212859,-0.02));
#2596=CARTESIAN_POINT('',(-0.63420691315531,-0.198993737212859,-0.02));
#2597=CARTESIAN_POINT('',(-1.06393664288504,-0.633356671575793,-0.02));
#2598=CARTESIAN_POINT('',(-1.06393664288504,-0.633356671575793,-0.02));
#2599=CARTESIAN_POINT('',(-0.933048611997009,-0.633356671575793,-0.02));
#2600=CARTESIAN_POINT('',(-0.933048611997009,-0.633356671575793,-0.02));
#2601=CARTESIAN_POINT('',(-0.74424552319392,-0.391271729490851,-0.02));
#2602=CARTESIAN_POINT('',(-0.74424552319392,-0.391271729490851,-0.02));
#2603=CARTESIAN_POINT('',(-0.74424552319392,-1.69783543605456,-0.02));
#2604=CARTESIAN_POINT('',(-0.74424552319392,-1.69783543605456,-0.02));
#2605=CARTESIAN_POINT('',(-0.63420691315531,-1.69899373721286,-0.02));
#2606=CARTESIAN_POINT('',(-0.63420691315531,-1.69899373721286,-0.02));
#2607=CARTESIAN_POINT('',(-0.63420691315531,-0.198993737212859,-0.02));
#2608=CARTESIAN_POINT('',(-0.732662511610909,-0.198993737212859,-0.02));
#2609=CARTESIAN_POINT('',(-0.732662511610909,-0.198993737212859,-0.02));
#2610=CARTESIAN_POINT('',(-0.63420691315531,-0.198993737212859,-0.02));
#2611=CARTESIAN_POINT('',(-0.63420691315531,-0.198993737212859,-0.02));
#2612=CARTESIAN_POINT('',(-0.63420691315531,-1.69899373721286,-0.02));
#2613=CARTESIAN_POINT('',(-0.63420691315531,-1.69899373721286,-0.02));
#2614=CARTESIAN_POINT('',(-0.74424552319392,-1.69783543605456,-0.02));
#2615=CARTESIAN_POINT('',(-0.74424552319392,-1.69783543605456,-0.02));
#2616=CARTESIAN_POINT('',(-0.74424552319392,-0.391271729490851,-0.02));
#2617=CARTESIAN_POINT('',(-0.74424552319392,-0.391271729490851,-0.02));
#2618=CARTESIAN_POINT('',(-0.933048611997009,-0.633356671575793,-0.02));
#2619=CARTESIAN_POINT('',(-0.933048611997009,-0.633356671575793,-0.02));
#2620=CARTESIAN_POINT('',(-1.06393664288504,-0.633356671575793,-0.02));
#2621=CARTESIAN_POINT('',(-1.06393664288504,-0.633356671575793,-0.02));
#2622=CARTESIAN_POINT('',(0.0953935528260196,-0.890972358586837,-0.02));
#2623=CARTESIAN_POINT('',(-0.285558264506662,-0.306715744934866,-0.02));
#2624=CARTESIAN_POINT('',(-0.285558264506662,-0.306715744934866,-0.02));
#2625=CARTESIAN_POINT('',(-0.285558264506662,-0.821001459220581,-0.02));
#2626=CARTESIAN_POINT('',(0.227569148620751,-0.306715744934866,-0.02));
#2627=CARTESIAN_POINT('',(0.227569148620751,-0.306715744934866,-0.02));
#2628=CARTESIAN_POINT('',(0.227569148620751,-0.20015203837116,-0.02));
#2629=CARTESIAN_POINT('',(0.227569148620751,-0.20015203837116,-0.02));
#2630=CARTESIAN_POINT('',(-0.395596874545272,-0.20015203837116,-0.02));
#2631=CARTESIAN_POINT('',(-0.395596874545272,-0.20015203837116,-0.02));
#2632=CARTESIAN_POINT('',(-0.395596874545272,-0.926406864625986,-0.02));
#2633=CARTESIAN_POINT('',(-0.395596874545272,-0.926406864625986,-0.02));
#2634=CARTESIAN_POINT('',(-0.409496488444886,-1.59243003064915,-0.02));
#2635=CARTESIAN_POINT('',(-0.328801507749905,-1.59243003064915,-0.02));
#2636=CARTESIAN_POINT('',(-0.248106527054924,-1.59243003064915,-0.02));
#2637=CARTESIAN_POINT('',(-0.167411546359944,-1.59243003064915,-0.02));
#2638=CARTESIAN_POINT('',(-0.0689559479043454,-1.59243003064915,-0.02));
#2639=CARTESIAN_POINT('',(0.00980853086013345,-1.55652269474182,-0.02));
#2640=CARTESIAN_POINT('',(0.0665652876168904,-1.48586632408545,-0.02));
#2641=CARTESIAN_POINT('',(0.120828158786002,-1.41831458650757,-0.02));
#2642=CARTESIAN_POINT('',(0.14648806753967,-1.33412887234799,-0.02));
#2643=CARTESIAN_POINT('',(0.14648806753967,-1.16038369860282,-0.02));
#2644=CARTESIAN_POINT('',(0.126796947848551,-1.09667713489626,-0.02));
#2645=CARTESIAN_POINT('',(0.0885730096246123,-1.0433952816144,-0.02));
#2646=CARTESIAN_POINT('',(0.0330797227116684,-0.966041002887269,-0.02));
#2647=CARTESIAN_POINT('',(-0.0573729363213336,-0.927565165784287,-0.02));
#2648=CARTESIAN_POINT('',(-0.178994557942955,-0.926406864625986,-0.02));
#2649=CARTESIAN_POINT('',(-0.251188781914796,-0.925719300588159,-0.02));
#2650=CARTESIAN_POINT('',(-0.3233961023445,-0.926406864625986,-0.02));
#2651=CARTESIAN_POINT('',(-0.395596874545272,-0.926406864625986,-0.02));
#2652=CARTESIAN_POINT('',(-0.409496488444886,-1.59243003064915,-0.02));
#2653=CARTESIAN_POINT('',(-0.409496488444886,-1.69899373721286,-0.02));
#2654=CARTESIAN_POINT('',(-0.409496488444886,-1.69899373721286,-0.02));
#2655=CARTESIAN_POINT('',(0.251893472945076,-1.2356732738924,-0.02));
#2656=CARTESIAN_POINT('',(0.251893472945076,-1.44880068701981,-0.02));
#2657=CARTESIAN_POINT('',(0.169654090705694,-1.59127172949085,-0.02));
#2658=CARTESIAN_POINT('',(0.00517532622692899,-1.66192810014722,-0.02));
#2659=CARTESIAN_POINT('',(-0.0505828716371932,-1.68588056542688,-0.02));
#2660=CARTESIAN_POINT('',(-0.107179886128284,-1.69899373721286,-0.02));
#2661=CARTESIAN_POINT('',(-0.16393664288504,-1.69899373721286,-0.02));
#2662=CARTESIAN_POINT('',(-0.245789924738322,-1.69899373721286,-0.02));
#2663=CARTESIAN_POINT('',(-0.327643206591604,-1.69899373721286,-0.02));
#2664=CARTESIAN_POINT('',(-0.409496488444886,-1.69899373721286,-0.02));
#2665=CARTESIAN_POINT('',(0.251893472945076,-1.2356732738924,-0.02));
#2666=CARTESIAN_POINT('',(-0.285558264506662,-0.821001459220581,-0.02));
#2667=CARTESIAN_POINT('',(-0.235365214313611,-0.821001459220581,-0.02));
#2668=CARTESIAN_POINT('',(-0.185172164120561,-0.821001459220581,-0.02));
#2669=CARTESIAN_POINT('',(-0.134979113927511,-0.821001459220581,-0.02));
#2670=CARTESIAN_POINT('',(-0.016832395780793,-0.821001459220581,-0.02));
#2671=CARTESIAN_POINT('',(0.0781482991999017,-0.86038369860282,-0.02));
#2672=CARTESIAN_POINT('',(0.148804669856272,-0.9403064785256,-0.02));
#2673=CARTESIAN_POINT('',(0.217228559100723,-1.017703992589,-0.02));
#2674=CARTESIAN_POINT('',(0.251893472945076,-1.11520995342908,-0.02));
#2675=CARTESIAN_POINT('',(0.251893472945076,-1.2356732738924,-0.02));
#2676=CARTESIAN_POINT('',(-0.285558264506662,-0.306715744934866,-0.02));
#2677=CARTESIAN_POINT('',(-0.285558264506662,-0.306715744934866,-0.02));
#2678=CARTESIAN_POINT('',(-0.285558264506662,-0.821001459220581,-0.02));
#2679=CARTESIAN_POINT('',(-0.285558264506662,-0.821001459220581,-0.02));
#2680=CARTESIAN_POINT('',(-0.285558264506662,-0.821001459220581,-1.35525271560688E-17));
#2681=CARTESIAN_POINT('',(-0.154119821100716,-0.821001459220581,-0.02));
#2682=CARTESIAN_POINT('',(-0.154119821100716,-0.821001459220581,-1.35525271560688E-17));
#2683=CARTESIAN_POINT('',(0.141900279729859,-0.82779311378131,-0.02));
#2684=CARTESIAN_POINT('',(0.141900279729859,-0.82779311378131,-1.6940658945086E-17));
#2685=CARTESIAN_POINT('',(0.251893472945076,-1.08730174756415,-0.02));
#2686=CARTESIAN_POINT('',(0.251893472945076,-1.08730174756415,-1.35525271560688E-17));
#2687=CARTESIAN_POINT('',(0.251893472945076,-1.2356732738924,-0.02));
#2688=CARTESIAN_POINT('',(0.251893472945076,-1.2356732738924,-1.35525271560688E-17));
#2689=CARTESIAN_POINT('',(0.251893472945076,-1.2356732738924,-0.02));
#2690=CARTESIAN_POINT('',(0.251893472945076,-1.2356732738924,-0.02));
#2691=CARTESIAN_POINT('',(0.251893472945076,-1.2356732738924,-1.35525271560688E-17));
#2692=CARTESIAN_POINT('',(0.251893472945076,-1.42737010044339,-0.02));
#2693=CARTESIAN_POINT('',(0.251893472945076,-1.42737010044339,-1.35525271560688E-17));
#2694=CARTESIAN_POINT('',(0.148373414717646,-1.63685998185944,-0.02));
#2695=CARTESIAN_POINT('',(0.148373414717646,-1.63685998185944,-1.35525271560688E-17));
#2696=CARTESIAN_POINT('',(-0.174361758501649,-1.71142048828354,-0.02));
#2697=CARTESIAN_POINT('',(-0.174361758501649,-1.71142048828354,-1.6940658945086E-17));
#2698=CARTESIAN_POINT('',(-0.330699054223126,-1.69899373721286,-0.02));
#2699=CARTESIAN_POINT('',(-0.330699054223126,-1.69899373721286,-1.35525271560688E-17));
#2700=CARTESIAN_POINT('',(-0.409496488444886,-1.69899373721286,-0.02));
#2701=CARTESIAN_POINT('',(-0.409496488444886,-1.69899373721286,-1.35525271560688E-17));
#2702=CARTESIAN_POINT('',(-0.409496488444886,-1.69899373721286,-0.02));
#2703=CARTESIAN_POINT('',(-0.409496488444886,-1.69899373721286,-0.02));
#2704=CARTESIAN_POINT('',(-0.409496488444886,-1.59243003064915,-0.02));
#2705=CARTESIAN_POINT('',(-0.409496488444886,-1.59243003064915,-0.02));
#2706=CARTESIAN_POINT('',(-0.409496488444886,-1.59243003064915,-1.35525271560688E-17));
#2707=CARTESIAN_POINT('',(-0.284409502535786,-1.59243003064915,-0.02));
#2708=CARTESIAN_POINT('',(-0.284409502535786,-1.59243003064915,-1.35525271560688E-17));
#2709=CARTESIAN_POINT('',(0.00306201470066657,-1.64013784953532,-0.02));
#2710=CARTESIAN_POINT('',(0.00306201470066657,-1.64013784953532,-2.37169225231204E-17));
#2711=CARTESIAN_POINT('',(0.206703874481241,-1.26495556133389,-0.02));
#2712=CARTESIAN_POINT('',(0.206703874481241,-1.26495556133389,-6.7762635780344E-18));
#2713=CARTESIAN_POINT('',(0.0717806778468175,-0.945404115797413,-0.02));
#2714=CARTESIAN_POINT('',(0.0717806778468175,-0.945404115797413,-2.71050543121376E-17));
#2715=CARTESIAN_POINT('',(-0.21387952501546,-0.922276161505885,-0.02));
#2716=CARTESIAN_POINT('',(-0.21387952501546,-0.922276161505885,-1.01643953670516E-17));
#2717=CARTESIAN_POINT('',(-0.333053759722808,-0.926406864625986,-0.02));
#2718=CARTESIAN_POINT('',(-0.333053759722808,-0.926406864625986,-1.35525271560688E-17));
#2719=CARTESIAN_POINT('',(-0.395596874545272,-0.926406864625986,-0.02));
#2720=CARTESIAN_POINT('',(-0.395596874545272,-0.926406864625986,-1.35525271560688E-17));
#2721=CARTESIAN_POINT('',(-0.395596874545272,-0.926406864625986,-0.02));
#2722=CARTESIAN_POINT('',(-0.395596874545272,-0.926406864625986,-0.02));
#2723=CARTESIAN_POINT('',(-0.395596874545272,-0.20015203837116,-0.02));
#2724=CARTESIAN_POINT('',(-0.395596874545272,-0.20015203837116,-0.02));
#2725=CARTESIAN_POINT('',(0.227569148620751,-0.20015203837116,-0.02));
#2726=CARTESIAN_POINT('',(0.227569148620751,-0.20015203837116,-0.02));
#2727=CARTESIAN_POINT('',(0.227569148620751,-0.306715744934866,-0.02));
#2728=CARTESIAN_POINT('',(0.227569148620751,-0.306715744934866,-0.02));
#2729=CARTESIAN_POINT('',(0.95642831631309,-0.347005028295052,-0.02));
#2730=CARTESIAN_POINT('',(0.419847140898744,-0.20015203837116,-0.02));
#2731=CARTESIAN_POINT('',(0.492434013485616,-0.20015203837116,-0.02));
#2732=CARTESIAN_POINT('',(0.565020886072489,-0.20015203837116,-0.02));
#2733=CARTESIAN_POINT('',(0.637607758659361,-0.20015203837116,-0.02));
#2734=CARTESIAN_POINT('',(0.803244824296427,-0.20015203837116,-0.02));
#2735=CARTESIAN_POINT('',(0.916758337809941,-0.262700300919422,-0.02));
#2736=CARTESIAN_POINT('',(0.980464901516504,-0.387796826015948,-0.02));
#2737=CARTESIAN_POINT('',(1.00656078236764,-0.439039646596368,-0.02));
#2738=CARTESIAN_POINT('',(1.01984714089874,-0.486252424471546,-0.02));
#2739=CARTESIAN_POINT('',(1.01984714089874,-0.598607636826758,-0.02));
#2740=CARTESIAN_POINT('',(1.01289733394894,-0.655364393583515,-0.02));
#2741=CARTESIAN_POINT('',(1.00015602120762,-0.698221536440658,-0.02));
#2742=CARTESIAN_POINT('',(0.980111969485719,-0.765642437687062,-0.02));
#2743=CARTESIAN_POINT('',(0.93644945750106,-0.821001459220581,-0.02));
#2744=CARTESIAN_POINT('',(0.870426291477894,-0.867333505552627,-0.02));
#2745=CARTESIAN_POINT('',(0.419847140898744,-0.20015203837116,-0.02));
#2746=CARTESIAN_POINT('',(0.870426291477894,-0.867333505552627,-0.02));
#2747=CARTESIAN_POINT('',(0.419847140898744,-0.306715744934866,-0.02));
#2748=CARTESIAN_POINT('',(0.419847140898744,-0.306715744934866,-0.02));
#2749=CARTESIAN_POINT('',(0.524094245145848,-0.818684856903979,-0.02));
#2750=CARTESIAN_POINT('',(0.575059496111099,-0.818684856903979,-0.02));
#2751=CARTESIAN_POINT('',(0.62602474707635,-0.818684856903978,-0.02));
#2752=CARTESIAN_POINT('',(0.676989998041601,-0.818684856903979,-0.02));
#2753=CARTESIAN_POINT('',(0.763862584914188,-0.818684856903979,-0.02));
#2754=CARTESIAN_POINT('',(0.831044052095655,-0.781619219838341,-0.02));
#2755=CARTESIAN_POINT('',(0.879692700744304,-0.708646246865368,-0.02));
#2756=CARTESIAN_POINT('',(0.894839715891319,-0.685925724144846,-0.02));
#2757=CARTESIAN_POINT('',(0.90633362738523,-0.65999759821672,-0.02));
#2758=CARTESIAN_POINT('',(0.910966832018435,-0.631040069259191,-0.02));
#2759=CARTESIAN_POINT('',(0.913373785439429,-0.615996610377978,-0.02));
#2760=CARTESIAN_POINT('',(0.914441735493338,-0.583549721768843,-0.02));
#2761=CARTESIAN_POINT('',(0.914441735493338,-0.465403003622125,-0.02));
#2762=CARTESIAN_POINT('',(0.884325905377508,-0.410962849181971,-0.02));
#2763=CARTESIAN_POINT('',(0.825252546304149,-0.365789104008226,-0.02));
#2764=CARTESIAN_POINT('',(0.773359136987159,-0.326105908648174,-0.02));
#2765=CARTESIAN_POINT('',(0.711739032790636,-0.306715744934866,-0.02));
#2766=CARTESIAN_POINT('',(0.643399264450867,-0.306715744934866,-0.02));
#2767=CARTESIAN_POINT('',(0.568881889933493,-0.306715744934866,-0.02));
#2768=CARTESIAN_POINT('',(0.494364515416118,-0.306715744934866,-0.02));
#2769=CARTESIAN_POINT('',(0.419847140898744,-0.306715744934866,-0.02));
#2770=CARTESIAN_POINT('',(0.524094245145848,-0.818684856903979,-0.02));
#2771=CARTESIAN_POINT('',(0.524094245145848,-0.928723466942589,-0.02));
#2772=CARTESIAN_POINT('',(0.524094245145848,-0.928723466942589,-0.02));
#2773=CARTESIAN_POINT('',(0.422163743215346,-1.59011342833255,-0.02));
#2774=CARTESIAN_POINT('',(0.498997720049323,-1.59011342833255,-0.02));
#2775=CARTESIAN_POINT('',(0.575831696883299,-1.59011342833255,-0.02));
#2776=CARTESIAN_POINT('',(0.652665673717276,-1.59011342833255,-0.02));
#2777=CARTESIAN_POINT('',(0.744171465223068,-1.59011342833255,-0.02));
#2778=CARTESIAN_POINT('',(0.819461040512643,-1.55768099590012,-0.02));
#2779=CARTESIAN_POINT('',(0.8762177972694,-1.49397443219355,-0.02));
#2780=CARTESIAN_POINT('',(0.930798843483325,-1.43270999256568,-0.02));
#2781=CARTESIAN_POINT('',(0.957298878350481,-1.35381999203911,-0.02));
#2782=CARTESIAN_POINT('',(0.957298878350481,-1.16617520439433,-0.02));
#2783=CARTESIAN_POINT('',(0.935291156342759,-1.08856902678815,-0.02));
#2784=CARTESIAN_POINT('',(0.888959110010713,-1.02833736655649,-0.02));
#2785=CARTESIAN_POINT('',(0.838536409030391,-0.96278785528207,-0.02));
#2786=CARTESIAN_POINT('',(0.768495789547393,-0.928723466942589,-0.02));
#2787=CARTESIAN_POINT('',(0.676989998041601,-0.928723466942589,-0.02));
#2788=CARTESIAN_POINT('',(0.62602474707635,-0.928723466942589,-0.02));
#2789=CARTESIAN_POINT('',(0.575059496111099,-0.928723466942589,-0.02));
#2790=CARTESIAN_POINT('',(0.524094245145848,-0.928723466942589,-0.02));
#2791=CARTESIAN_POINT('',(0.422163743215346,-1.59011342833255,-0.02));
#2792=CARTESIAN_POINT('',(0.422163743215346,-1.69667713489626,-0.02));
#2793=CARTESIAN_POINT('',(0.422163743215346,-1.69667713489626,-0.02));
#2794=CARTESIAN_POINT('',(1.06154598259759,-1.26231420053332,-0.02));
#2795=CARTESIAN_POINT('',(1.06154598259759,-1.39088562910475,-0.02));
#2796=CARTESIAN_POINT('',(1.02679694784855,-1.49397443219355,-0.02));
#2797=CARTESIAN_POINT('',(0.95614057719218,-1.57273891095803,-0.02));
#2798=CARTESIAN_POINT('',(0.882207512054801,-1.65515609832429,-0.02));
#2799=CARTESIAN_POINT('',(0.782395403447006,-1.69667713489626,-0.02));
#2800=CARTESIAN_POINT('',(0.657298878350481,-1.69667713489626,-0.02));
#2801=CARTESIAN_POINT('',(0.578920499972103,-1.69667713489626,-0.02));
#2802=CARTESIAN_POINT('',(0.500542121593724,-1.69667713489626,-0.02));
#2803=CARTESIAN_POINT('',(0.422163743215346,-1.69667713489626,-0.02));
#2804=CARTESIAN_POINT('',(1.06154598259759,-1.26231420053332,-0.02));
#2805=CARTESIAN_POINT('',(0.870426291477894,-0.867333505552627,-0.02));
#2806=CARTESIAN_POINT('',(0.935291156342759,-0.895132733351855,-0.02));
#2807=CARTESIAN_POINT('',(0.985098106149709,-0.950731188950311,-0.02));
#2808=CARTESIAN_POINT('',(1.01984714089874,-1.03528717350629,-0.02));
#2809=CARTESIAN_POINT('',(1.04748347388104,-1.10253558376321,-0.02));
#2810=CARTESIAN_POINT('',(1.06154598259759,-1.17775821597734,-0.02));
#2811=CARTESIAN_POINT('',(1.06154598259759,-1.26231420053332,-0.02));
#2812=CARTESIAN_POINT('',(0.870426291477894,-0.867333505552627,-0.02));
#2813=CARTESIAN_POINT('',(0.870426291477894,-0.867333505552627,-1.35525271560688E-17));
#2814=CARTESIAN_POINT('',(0.935507150106544,-0.895225302107762,-0.02));
#2815=CARTESIAN_POINT('',(0.935507150106544,-0.895225302107762,-1.35525271560688E-17));
#2816=CARTESIAN_POINT('',(1.04171532931162,-1.03527795694829,-0.02));
#2817=CARTESIAN_POINT('',(1.04171532931162,-1.03527795694829,-1.6940658945086E-17));
#2818=CARTESIAN_POINT('',(1.06154598259759,-1.17803791652469,-0.02));
#2819=CARTESIAN_POINT('',(1.06154598259759,-1.17803791652469,-1.35525271560688E-17));
#2820=CARTESIAN_POINT('',(1.06154598259759,-1.26231420053332,-0.02));
#2821=CARTESIAN_POINT('',(1.06154598259759,-1.26231420053332,-1.35525271560688E-17));
#2822=CARTESIAN_POINT('',(0.870426291477894,-0.867333505552627,-0.02));
#2823=CARTESIAN_POINT('',(1.06154598259759,-1.26231420053332,-0.02));
#2824=CARTESIAN_POINT('',(1.06154598259759,-1.26231420053332,-0.02));
#2825=CARTESIAN_POINT('',(1.06154598259759,-1.26231420053332,-1.35525271560688E-17));
#2826=CARTESIAN_POINT('',(1.06154598259759,-1.43560398517361,-0.02));
#2827=CARTESIAN_POINT('',(1.06154598259759,-1.43560398517361,-1.35525271560688E-17));
#2828=CARTESIAN_POINT('',(0.921040235233662,-1.72217276176217,-0.02));
#2829=CARTESIAN_POINT('',(0.921040235233662,-1.72217276176217,-1.6940658945086E-17));
#2830=CARTESIAN_POINT('',(0.572916103666075,-1.69667713489626,-0.02));
#2831=CARTESIAN_POINT('',(0.572916103666075,-1.69667713489626,-1.35525271560688E-17));
#2832=CARTESIAN_POINT('',(0.422163743215346,-1.69667713489626,-0.02));
#2833=CARTESIAN_POINT('',(0.422163743215346,-1.69667713489626,-1.35525271560688E-17));
#2834=CARTESIAN_POINT('',(0.422163743215346,-1.69667713489626,-0.02));
#2835=CARTESIAN_POINT('',(0.422163743215346,-1.69667713489626,-0.02));
#2836=CARTESIAN_POINT('',(0.422163743215346,-1.59011342833255,-0.02));
#2837=CARTESIAN_POINT('',(0.422163743215346,-1.59011342833255,-0.02));
#2838=CARTESIAN_POINT('',(0.422163743215346,-1.59011342833255,-1.35525271560688E-17));
#2839=CARTESIAN_POINT('',(0.536943385794731,-1.59011342833255,-0.02));
#2840=CARTESIAN_POINT('',(0.536943385794731,-1.59011342833255,-1.35525271560688E-17));
#2841=CARTESIAN_POINT('',(0.796587390750297,-1.63283727616826,-0.02));
#2842=CARTESIAN_POINT('',(0.796587390750297,-1.63283727616826,-1.6940658945086E-17));
#2843=CARTESIAN_POINT('',(1.00773044590603,-1.32132900543443,-0.02));
#2844=CARTESIAN_POINT('',(1.00773044590603,-1.32132900543443,-1.6940658945086E-17));
#2845=CARTESIAN_POINT('',(0.902271862941239,-0.92284100829926,-0.02));
#2846=CARTESIAN_POINT('',(0.902271862941239,-0.92284100829926,-1.01643953670516E-17));
#2847=CARTESIAN_POINT('',(0.638923351754297,-0.928723466942589,-0.02));
#2848=CARTESIAN_POINT('',(0.638923351754297,-0.928723466942589,-1.35525271560688E-17));
#2849=CARTESIAN_POINT('',(0.524094245145848,-0.928723466942589,-0.02));
#2850=CARTESIAN_POINT('',(0.524094245145848,-0.928723466942589,-1.35525271560688E-17));
#2851=CARTESIAN_POINT('',(0.524094245145848,-0.928723466942589,-0.02));
#2852=CARTESIAN_POINT('',(0.524094245145848,-0.928723466942589,-0.02));
#2853=CARTESIAN_POINT('',(0.524094245145848,-0.818684856903979,-0.02));
#2854=CARTESIAN_POINT('',(0.524094245145848,-0.818684856903979,-0.02));
#2855=CARTESIAN_POINT('',(0.524094245145848,-0.818684856903979,-1.35525271560688E-17));
#2856=CARTESIAN_POINT('',(0.623429781594839,-0.818684856903979,-0.02));
#2857=CARTESIAN_POINT('',(0.623429781594839,-0.818684856903979,-1.35525271560688E-17));
#2858=CARTESIAN_POINT('',(0.786950940022419,-0.846243447757232,-0.02));
#2859=CARTESIAN_POINT('',(0.786950940022419,-0.846243447757232,-1.35525271560688E-17));
#2860=CARTESIAN_POINT('',(0.918508550229717,-0.652808553444316,-0.02));
#2861=CARTESIAN_POINT('',(0.918508550229717,-0.652808553444316,-1.6940658945086E-17));
#2862=CARTESIAN_POINT('',(0.924641096637824,-0.563886912322498,-0.02));
#2863=CARTESIAN_POINT('',(0.924641096637824,-0.563886912322498,-1.6940658945086E-17));
#2864=CARTESIAN_POINT('',(0.869393019767525,-0.368371342996769,-0.02));
#2865=CARTESIAN_POINT('',(0.869393019767525,-0.368371342996769,-1.6940658945086E-17));
#2866=CARTESIAN_POINT('',(0.718455714720158,-0.303923490789932,-0.02));
#2867=CARTESIAN_POINT('',(0.718455714720158,-0.303923490789932,-1.6940658945086E-17));
#2868=CARTESIAN_POINT('',(0.568644672043082,-0.307513531833419,-0.02));
#2869=CARTESIAN_POINT('',(0.568644672043082,-0.307513531833419,-1.6940658945086E-17));
#2870=CARTESIAN_POINT('',(0.469507742888235,-0.306715744934866,-0.02));
#2871=CARTESIAN_POINT('',(0.469507742888235,-0.306715744934866,-1.35525271560688E-17));
#2872=CARTESIAN_POINT('',(0.419847140898744,-0.306715744934866,-0.02));
#2873=CARTESIAN_POINT('',(0.419847140898744,-0.306715744934866,-1.35525271560688E-17));
#2874=CARTESIAN_POINT('',(0.419847140898744,-0.306715744934866,-0.02));
#2875=CARTESIAN_POINT('',(0.419847140898744,-0.306715744934866,-0.02));
#2876=CARTESIAN_POINT('',(0.419847140898744,-0.20015203837116,-0.02));
#2877=CARTESIAN_POINT('',(0.419847140898744,-0.20015203837116,-0.02));
#2878=CARTESIAN_POINT('',(0.419847140898744,-0.20015203837116,-1.35525271560688E-17));
#2879=CARTESIAN_POINT('',(0.517169615005182,-0.20015203837116,-0.02));
#2880=CARTESIAN_POINT('',(0.517169615005182,-0.20015203837116,-1.35525271560688E-17));
#2881=CARTESIAN_POINT('',(0.73572598783685,-0.182775982750629,-0.02));
#2882=CARTESIAN_POINT('',(0.73572598783685,-0.182775982750629,-1.6940658945086E-17));
#2883=CARTESIAN_POINT('',(0.938695958017356,-0.278091564856076,-0.02));
#2884=CARTESIAN_POINT('',(0.938695958017356,-0.278091564856076,-1.01643953670516E-17));
#2885=CARTESIAN_POINT('',(1.03248702694066,-0.503895071594092,-0.02));
#2886=CARTESIAN_POINT('',(1.03248702694066,-0.503895071594092,-2.03287907341032E-17));
#2887=CARTESIAN_POINT('',(1.01397238027644,-0.646297527924074,-0.02));
#2888=CARTESIAN_POINT('',(1.01397238027644,-0.646297527924074,-1.01643953670516E-17));
#2889=CARTESIAN_POINT('',(0.985931610747551,-0.761270880580158,-0.02));
#2890=CARTESIAN_POINT('',(0.985931610747551,-0.761270880580158,-2.03287907341032E-17));
#2891=CARTESIAN_POINT('',(0.914769194770255,-0.836215678680795,-0.02));
#2892=CARTESIAN_POINT('',(0.914769194770255,-0.836215678680795,-1.35525271560688E-17));
#2893=CARTESIAN_POINT('',(0.870426291477894,-0.867333505552627,-0.02));
#2894=CARTESIAN_POINT('',(0.870426291477894,-0.867333505552627,-1.35525271560688E-17));
#2895=CARTESIAN_POINT('',(0.,-1.98,-0.02));
#2896=CARTESIAN_POINT('',(-1.85,-1.98,-0.02));
#2897=CARTESIAN_POINT('',(1.85,-1.98,-0.02));
#2898=CARTESIAN_POINT('',(1.85,-1.85,-0.0200000000000001));
#2899=CARTESIAN_POINT('',(1.98,-1.85,-0.02));
#2900=CARTESIAN_POINT('',(-1.85,-1.85,-0.0200000000000001));
#2901=CARTESIAN_POINT('',(-1.98,-1.85,-0.0200000000000001));
#2902=CARTESIAN_POINT('',(1.98,0.,-0.02));
#2903=CARTESIAN_POINT('',(1.98,1.85,-0.02));
#2904=CARTESIAN_POINT('',(-1.98,0.,-0.02));
#2905=CARTESIAN_POINT('',(-1.98,1.85,-0.02));
#2906=CARTESIAN_POINT('',(1.85,1.85,-0.0200000000000001));
#2907=CARTESIAN_POINT('',(1.85,1.98,-0.02));
#2908=CARTESIAN_POINT('',(-1.85,1.85,-0.0200000000000001));
#2909=CARTESIAN_POINT('',(-1.85,1.98,-0.0200000000000001));
#2910=CARTESIAN_POINT('',(0.,1.98,-0.02));
#2911=MECHANICAL_DESIGN_GEOMETRIC_PRESENTATION_REPRESENTATION('',(#1166,
#1167,#1168,#1169,#1170,#1171,#1172,#1173,#1174,#1175,#1176,#1177,#1178,
#1179,#1180,#1181,#1182,#1183,#1184,#1185,#1186,#1187,#1188,#1189,#1190,
#1191,#1192,#1193,#1194,#1195,#1196,#1197,#1198,#1199,#1200,#1201,#1202,
#1203,#1204,#1205,#1206,#1207,#1208,#1209,#1210,#1211,#1212,#1213,#1214,
#1215,#1216,#1217,#1218,#1219,#1220,#1221,#1222,#1223,#1224,#1225,#1226,
#1227,#1228,#1229,#1230,#1231,#1232,#1233,#1234),#2912);
#2912=(
GEOMETRIC_REPRESENTATION_CONTEXT(3)
GLOBAL_UNCERTAINTY_ASSIGNED_CONTEXT((#2913))
GLOBAL_UNIT_ASSIGNED_CONTEXT((#2916,#2915,#2914))
REPRESENTATION_CONTEXT('XAL4040-153MEC','TOP_LEVEL_ASSEMBLY_PART')
);
#2913=UNCERTAINTY_MEASURE_WITH_UNIT(LENGTH_MEASURE(0.005),#2916,
'DISTANCE_ACCURACY_VALUE','Maximum Tolerance applied to model');
#2914=(
NAMED_UNIT(*)
SI_UNIT($,.STERADIAN.)
SOLID_ANGLE_UNIT()
);
#2915=(
NAMED_UNIT(*)
PLANE_ANGLE_UNIT()
SI_UNIT($,.RADIAN.)
);
#2916=(
LENGTH_UNIT()
NAMED_UNIT(*)
SI_UNIT(.MILLI.,.METRE.)
);
#2917=PRODUCT_DEFINITION_SHAPE('','',#2918);
#2918=PRODUCT_DEFINITION('','',#2920,#2919);
#2919=PRODUCT_DEFINITION_CONTEXT('',#2926,'design');
#2920=PRODUCT_DEFINITION_FORMATION_WITH_SPECIFIED_SOURCE('','',#2922,
 .NOT_KNOWN.);
#2921=PRODUCT_RELATED_PRODUCT_CATEGORY('','',(#2922));
#2922=PRODUCT('XAL4040-153MEC','XAL4040-153MEC','XAL4040-153MEC',(#2924));
#2923=PRODUCT_CATEGORY('','');
#2924=PRODUCT_CONTEXT('',#2926,'mechanical');
#2925=APPLICATION_PROTOCOL_DEFINITION('international standard',
'automotive_design',2010,#2926);
#2926=APPLICATION_CONTEXT(
'core data for automotive mechanical design processes');
ENDSEC;
END-ISO-10303-21;
